n,m,k,nonzeros,sseed
100,100,5,5000,38740
i,j,x_ij
0,0,1
0,1,0
0,2,0
0,3,0
0,4,0
0,5,0
0,6,1
0,7,0
0,8,1
0,9,1
0,10,1
0,11,1
0,12,1
0,13,0
0,14,1
0,15,0
0,16,0
0,17,0
0,18,1
0,19,1
0,20,0
0,21,0
0,22,1
0,23,0
0,24,0
0,25,1
0,26,0
0,27,1
0,28,0
0,29,1
0,30,1
0,31,1
0,32,1
0,33,1
0,34,0
0,35,1
0,36,1
0,37,0
0,38,0
0,39,1
0,40,1
0,41,1
0,42,1
0,43,1
0,44,0
0,45,1
0,46,0
0,47,1
0,48,1
0,49,1
0,50,0
0,51,1
0,52,0
0,53,1
0,54,0
0,55,1
0,56,1
0,57,0
0,58,0
0,59,1
0,60,1
0,61,1
0,62,1
0,63,0
0,64,0
0,65,1
0,66,0
0,67,0
0,68,1
0,69,0
0,70,0
0,71,1
0,72,0
0,73,1
0,74,1
0,75,0
0,76,0
0,77,1
0,78,1
0,79,0
0,80,1
0,81,0
0,82,0
0,83,1
0,84,0
0,85,0
0,86,0
0,87,1
0,88,0
0,89,0
0,90,1
0,91,1
0,92,1
0,93,0
0,94,0
0,95,0
0,96,0
0,97,0
0,98,1
0,99,0
1,0,0
1,1,1
1,2,1
1,3,0
1,4,1
1,5,0
1,6,1
1,7,0
1,8,1
1,9,1
1,10,1
1,11,1
1,12,1
1,13,1
1,14,0
1,15,0
1,16,1
1,17,0
1,18,0
1,19,0
1,20,1
1,21,0
1,22,1
1,23,1
1,24,0
1,25,0
1,26,1
1,27,1
1,28,0
1,29,1
1,30,1
1,31,1
1,32,1
1,33,1
1,34,0
1,35,1
1,36,1
1,37,1
1,38,1
1,39,1
1,40,1
1,41,1
1,42,0
1,43,1
1,44,0
1,45,1
1,46,1
1,47,0
1,48,0
1,49,1
1,50,0
1,51,1
1,52,1
1,53,0
1,54,1
1,55,0
1,56,0
1,57,0
1,58,0
1,59,1
1,60,0
1,61,1
1,62,0
1,63,1
1,64,1
1,65,1
1,66,0
1,67,0
1,68,1
1,69,0
1,70,0
1,71,0
1,72,1
1,73,1
1,74,1
1,75,1
1,76,0
1,77,1
1,78,1
1,79,1
1,80,1
1,81,0
1,82,1
1,83,1
1,84,0
1,85,0
1,86,0
1,87,0
1,88,1
1,89,0
1,90,1
1,91,1
1,92,0
1,93,0
1,94,1
1,95,1
1,96,1
1,97,1
1,98,0
1,99,1
2,0,0
2,1,0
2,2,1
2,3,1
2,4,1
2,5,1
2,6,1
2,7,0
2,8,1
2,9,1
2,10,0
2,11,0
2,12,1
2,13,1
2,14,1
2,15,1
2,16,1
2,17,0
2,18,0
2,19,0
2,20,0
2,21,0
2,22,0
2,23,1
2,24,1
2,25,1
2,26,0
2,27,0
2,28,0
2,29,0
2,30,1
2,31,1
2,32,1
2,33,1
2,34,0
2,35,1
2,36,1
2,37,0
2,38,1
2,39,0
2,40,1
2,41,1
2,42,0
2,43,1
2,44,1
2,45,0
2,46,0
2,47,0
2,48,0
2,49,1
2,50,0
2,51,1
2,52,1
2,53,1
2,54,0
2,55,0
2,56,0
2,57,0
2,58,1
2,59,1
2,60,1
2,61,1
2,62,0
2,63,0
2,64,1
2,65,0
2,66,1
2,67,0
2,68,1
2,69,1
2,70,0
2,71,0
2,72,1
2,73,1
2,74,1
2,75,0
2,76,1
2,77,0
2,78,1
2,79,0
2,80,0
2,81,1
2,82,1
2,83,0
2,84,0
2,85,1
2,86,1
2,87,1
2,88,0
2,89,0
2,90,0
2,91,0
2,92,0
2,93,0
2,94,1
2,95,1
2,96,1
2,97,1
2,98,1
2,99,0
3,0,0
3,1,0
3,2,1
3,3,0
3,4,1
3,5,1
3,6,1
3,7,1
3,8,0
3,9,0
3,10,1
3,11,0
3,12,0
3,13,1
3,14,0
3,15,1
3,16,0
3,17,1
3,18,0
3,19,1
3,20,0
3,21,0
3,22,1
3,23,1
3,24,1
3,25,1
3,26,0
3,27,0
3,28,0
3,29,0
3,30,1
3,31,1
3,32,1
3,33,0
3,34,1
3,35,0
3,36,0
3,37,0
3,38,1
3,39,0
3,40,1
3,41,1
3,42,1
3,43,1
3,44,0
3,45,1
3,46,0
3,47,1
3,48,1
3,49,0
3,50,0
3,51,0
3,52,1
3,53,0
3,54,1
3,55,0
3,56,1
3,57,0
3,58,1
3,59,0
3,60,0
3,61,0
3,62,1
3,63,1
3,64,1
3,65,0
3,66,0
3,67,1
3,68,1
3,69,0
3,70,1
3,71,0
3,72,1
3,73,0
3,74,1
3,75,1
3,76,0
3,77,0
3,78,1
3,79,0
3,80,1
3,81,0
3,82,1
3,83,0
3,84,0
3,85,0
3,86,1
3,87,0
3,88,1
3,89,0
3,90,0
3,91,1
3,92,1
3,93,1
3,94,1
3,95,0
3,96,0
3,97,0
3,98,0
3,99,0
4,0,0
4,1,1
4,2,0
4,3,0
4,4,0
4,5,0
4,6,0
4,7,1
4,8,0
4,9,1
4,10,0
4,11,1
4,12,1
4,13,1
4,14,0
4,15,0
4,16,0
4,17,1
4,18,1
4,19,1
4,20,0
4,21,1
4,22,1
4,23,1
4,24,1
4,25,1
4,26,1
4,27,0
4,28,1
4,29,1
4,30,0
4,31,0
4,32,1
4,33,0
4,34,0
4,35,0
4,36,1
4,37,0
4,38,0
4,39,0
4,40,0
4,41,0
4,42,0
4,43,1
4,44,0
4,45,0
4,46,0
4,47,0
4,48,0
4,49,1
4,50,1
4,51,0
4,52,0
4,53,1
4,54,1
4,55,0
4,56,0
4,57,1
4,58,0
4,59,1
4,60,1
4,61,0
4,62,1
4,63,1
4,64,1
4,65,0
4,66,1
4,67,0
4,68,0
4,69,1
4,70,1
4,71,1
4,72,0
4,73,1
4,74,0
4,75,0
4,76,1
4,77,1
4,78,1
4,79,1
4,80,0
4,81,1
4,82,0
4,83,0
4,84,0
4,85,1
4,86,1
4,87,0
4,88,1
4,89,1
4,90,1
4,91,0
4,92,0
4,93,1
4,94,1
4,95,1
4,96,1
4,97,1
4,98,0
4,99,0
5,0,1
5,1,1
5,2,1
5,3,1
5,4,1
5,5,0
5,6,0
5,7,0
5,8,1
5,9,0
5,10,0
5,11,1
5,12,1
5,13,0
5,14,0
5,15,1
5,16,0
5,17,1
5,18,1
5,19,1
5,20,1
5,21,1
5,22,0
5,23,1
5,24,0
5,25,1
5,26,1
5,27,0
5,28,1
5,29,0
5,30,0
5,31,0
5,32,1
5,33,0
5,34,0
5,35,1
5,36,1
5,37,1
5,38,1
5,39,0
5,40,1
5,41,0
5,42,0
5,43,0
5,44,1
5,45,1
5,46,0
5,47,1
5,48,0
5,49,1
5,50,1
5,51,0
5,52,1
5,53,0
5,54,1
5,55,0
5,56,0
5,57,1
5,58,0
5,59,1
5,60,1
5,61,1
5,62,1
5,63,1
5,64,0
5,65,0
5,66,0
5,67,1
5,68,1
5,69,1
5,70,0
5,71,0
5,72,0
5,73,1
5,74,1
5,75,1
5,76,0
5,77,1
5,78,1
5,79,0
5,80,1
5,81,1
5,82,0
5,83,1
5,84,1
5,85,0
5,86,1
5,87,1
5,88,1
5,89,0
5,90,1
5,91,0
5,92,0
5,93,0
5,94,1
5,95,0
5,96,0
5,97,1
5,98,0
5,99,0
6,0,1
6,1,1
6,2,1
6,3,0
6,4,0
6,5,0
6,6,1
6,7,0
6,8,1
6,9,1
6,10,1
6,11,1
6,12,1
6,13,0
6,14,0
6,15,0
6,16,0
6,17,1
6,18,0
6,19,0
6,20,0
6,21,1
6,22,0
6,23,0
6,24,0
6,25,0
6,26,1
6,27,1
6,28,0
6,29,1
6,30,1
6,31,0
6,32,0
6,33,0
6,34,0
6,35,0
6,36,1
6,37,0
6,38,1
6,39,1
6,40,0
6,41,0
6,42,0
6,43,1
6,44,0
6,45,1
6,46,0
6,47,1
6,48,1
6,49,0
6,50,1
6,51,1
6,52,0
6,53,0
6,54,1
6,55,0
6,56,0
6,57,0
6,58,0
6,59,1
6,60,0
6,61,1
6,62,1
6,63,1
6,64,0
6,65,0
6,66,0
6,67,1
6,68,0
6,69,1
6,70,0
6,71,0
6,72,1
6,73,1
6,74,0
6,75,0
6,76,0
6,77,0
6,78,1
6,79,1
6,80,1
6,81,0
6,82,1
6,83,1
6,84,0
6,85,1
6,86,0
6,87,1
6,88,0
6,89,1
6,90,0
6,91,0
6,92,1
6,93,0
6,94,1
6,95,1
6,96,0
6,97,0
6,98,1
6,99,0
7,0,1
7,1,0
7,2,1
7,3,1
7,4,0
7,5,0
7,6,1
7,7,0
7,8,0
7,9,0
7,10,0
7,11,0
7,12,1
7,13,1
7,14,0
7,15,0
7,16,0
7,17,1
7,18,1
7,19,0
7,20,0
7,21,0
7,22,1
7,23,1
7,24,0
7,25,1
7,26,1
7,27,0
7,28,1
7,29,0
7,30,1
7,31,1
7,32,1
7,33,0
7,34,0
7,35,1
7,36,0
7,37,1
7,38,0
7,39,1
7,40,0
7,41,0
7,42,0
7,43,0
7,44,0
7,45,0
7,46,0
7,47,1
7,48,1
7,49,1
7,50,0
7,51,1
7,52,1
7,53,0
7,54,1
7,55,1
7,56,1
7,57,0
7,58,0
7,59,1
7,60,1
7,61,1
7,62,0
7,63,0
7,64,1
7,65,0
7,66,1
7,67,0
7,68,0
7,69,1
7,70,0
7,71,1
7,72,0
7,73,0
7,74,1
7,75,1
7,76,1
7,77,1
7,78,1
7,79,0
7,80,1
7,81,1
7,82,0
7,83,1
7,84,0
7,85,1
7,86,1
7,87,1
7,88,0
7,89,1
7,90,1
7,91,1
7,92,0
7,93,1
7,94,1
7,95,0
7,96,0
7,97,1
7,98,1
7,99,1
8,0,0
8,1,0
8,2,0
8,3,1
8,4,0
8,5,1
8,6,0
8,7,0
8,8,0
8,9,0
8,10,1
8,11,0
8,12,1
8,13,1
8,14,1
8,15,1
8,16,1
8,17,0
8,18,1
8,19,0
8,20,1
8,21,1
8,22,1
8,23,0
8,24,1
8,25,1
8,26,0
8,27,1
8,28,0
8,29,0
8,30,0
8,31,1
8,32,0
8,33,0
8,34,0
8,35,1
8,36,0
8,37,1
8,38,1
8,39,0
8,40,1
8,41,0
8,42,0
8,43,1
8,44,0
8,45,0
8,46,1
8,47,0
8,48,0
8,49,1
8,50,0
8,51,0
8,52,0
8,53,1
8,54,0
8,55,1
8,56,0
8,57,1
8,58,1
8,59,1
8,60,0
8,61,1
8,62,0
8,63,0
8,64,0
8,65,0
8,66,1
8,67,1
8,68,0
8,69,1
8,70,1
8,71,0
8,72,1
8,73,0
8,74,1
8,75,0
8,76,1
8,77,0
8,78,0
8,79,1
8,80,1
8,81,1
8,82,0
8,83,0
8,84,1
8,85,1
8,86,1
8,87,0
8,88,1
8,89,0
8,90,1
8,91,1
8,92,0
8,93,1
8,94,1
8,95,1
8,96,0
8,97,1
8,98,0
8,99,1
9,0,0
9,1,0
9,2,1
9,3,0
9,4,1
9,5,0
9,6,0
9,7,0
9,8,1
9,9,1
9,10,0
9,11,1
9,12,1
9,13,0
9,14,1
9,15,0
9,16,0
9,17,1
9,18,0
9,19,1
9,20,1
9,21,0
9,22,0
9,23,0
9,24,1
9,25,1
9,26,0
9,27,0
9,28,0
9,29,0
9,30,1
9,31,1
9,32,1
9,33,0
9,34,1
9,35,1
9,36,1
9,37,0
9,38,1
9,39,0
9,40,1
9,41,1
9,42,1
9,43,0
9,44,0
9,45,1
9,46,1
9,47,0
9,48,0
9,49,0
9,50,1
9,51,0
9,52,0
9,53,1
9,54,0
9,55,0
9,56,1
9,57,1
9,58,0
9,59,0
9,60,0
9,61,1
9,62,1
9,63,1
9,64,0
9,65,0
9,66,0
9,67,1
9,68,0
9,69,0
9,70,0
9,71,0
9,72,0
9,73,0
9,74,1
9,75,0
9,76,1
9,77,1
9,78,1
9,79,1
9,80,1
9,81,1
9,82,0
9,83,1
9,84,0
9,85,0
9,86,1
9,87,0
9,88,0
9,89,0
9,90,0
9,91,0
9,92,1
9,93,1
9,94,0
9,95,0
9,96,0
9,97,0
9,98,1
9,99,1
10,0,1
10,1,1
10,2,1
10,3,1
10,4,1
10,5,1
10,6,0
10,7,1
10,8,0
10,9,1
10,10,1
10,11,1
10,12,0
10,13,1
10,14,1
10,15,1
10,16,0
10,17,0
10,18,1
10,19,0
10,20,0
10,21,0
10,22,0
10,23,0
10,24,1
10,25,0
10,26,1
10,27,1
10,28,1
10,29,0
10,30,1
10,31,0
10,32,0
10,33,0
10,34,1
10,35,0
10,36,0
10,37,1
10,38,0
10,39,1
10,40,1
10,41,1
10,42,0
10,43,1
10,44,0
10,45,0
10,46,1
10,47,0
10,48,1
10,49,0
10,50,0
10,51,0
10,52,0
10,53,1
10,54,1
10,55,0
10,56,1
10,57,0
10,58,0
10,59,1
10,60,1
10,61,1
10,62,1
10,63,0
10,64,0
10,65,1
10,66,0
10,67,0
10,68,1
10,69,1
10,70,1
10,71,0
10,72,0
10,73,0
10,74,0
10,75,0
10,76,1
10,77,1
10,78,1
10,79,0
10,80,1
10,81,1
10,82,0
10,83,0
10,84,0
10,85,1
10,86,1
10,87,0
10,88,1
10,89,1
10,90,1
10,91,0
10,92,1
10,93,1
10,94,0
10,95,1
10,96,0
10,97,1
10,98,0
10,99,1
11,0,0
11,1,0
11,2,1
11,3,0
11,4,0
11,5,1
11,6,1
11,7,1
11,8,0
11,9,0
11,10,0
11,11,0
11,12,0
11,13,0
11,14,1
11,15,1
11,16,1
11,17,0
11,18,1
11,19,1
11,20,0
11,21,1
11,22,0
11,23,1
11,24,0
11,25,1
11,26,0
11,27,1
11,28,0
11,29,0
11,30,0
11,31,1
11,32,0
11,33,0
11,34,0
11,35,1
11,36,1
11,37,0
11,38,1
11,39,0
11,40,0
11,41,1
11,42,1
11,43,1
11,44,0
11,45,0
11,46,0
11,47,0
11,48,1
11,49,0
11,50,1
11,51,1
11,52,1
11,53,0
11,54,0
11,55,0
11,56,1
11,57,1
11,58,1
11,59,0
11,60,0
11,61,0
11,62,1
11,63,0
11,64,0
11,65,0
11,66,0
11,67,0
11,68,0
11,69,0
11,70,1
11,71,1
11,72,1
11,73,1
11,74,0
11,75,0
11,76,1
11,77,0
11,78,0
11,79,1
11,80,0
11,81,0
11,82,1
11,83,0
11,84,0
11,85,0
11,86,1
11,87,1
11,88,1
11,89,0
11,90,1
11,91,1
11,92,1
11,93,1
11,94,0
11,95,0
11,96,1
11,97,0
11,98,0
11,99,1
12,0,0
12,1,0
12,2,0
12,3,0
12,4,1
12,5,1
12,6,1
12,7,1
12,8,1
12,9,1
12,10,0
12,11,0
12,12,0
12,13,0
12,14,0
12,15,0
12,16,0
12,17,1
12,18,0
12,19,1
12,20,0
12,21,0
12,22,1
12,23,0
12,24,1
12,25,1
12,26,0
12,27,0
12,28,0
12,29,1
12,30,0
12,31,1
12,32,1
12,33,1
12,34,0
12,35,0
12,36,0
12,37,1
12,38,1
12,39,0
12,40,1
12,41,0
12,42,0
12,43,1
12,44,0
12,45,0
12,46,0
12,47,0
12,48,0
12,49,1
12,50,0
12,51,1
12,52,1
12,53,1
12,54,1
12,55,0
12,56,1
12,57,1
12,58,1
12,59,1
12,60,0
12,61,0
12,62,0
12,63,1
12,64,1
12,65,1
12,66,0
12,67,0
12,68,0
12,69,1
12,70,0
12,71,0
12,72,0
12,73,0
12,74,0
12,75,0
12,76,1
12,77,0
12,78,1
12,79,0
12,80,0
12,81,0
12,82,1
12,83,1
12,84,1
12,85,0
12,86,0
12,87,0
12,88,1
12,89,0
12,90,0
12,91,0
12,92,0
12,93,0
12,94,1
12,95,0
12,96,1
12,97,1
12,98,0
12,99,0
13,0,1
13,1,1
13,2,0
13,3,0
13,4,0
13,5,0
13,6,1
13,7,0
13,8,1
13,9,0
13,10,0
13,11,1
13,12,0
13,13,1
13,14,1
13,15,0
13,16,1
13,17,0
13,18,1
13,19,1
13,20,0
13,21,1
13,22,1
13,23,0
13,24,0
13,25,1
13,26,0
13,27,0
13,28,1
13,29,1
13,30,0
13,31,1
13,32,1
13,33,1
13,34,1
13,35,1
13,36,0
13,37,0
13,38,0
13,39,0
13,40,1
13,41,0
13,42,0
13,43,0
13,44,1
13,45,1
13,46,1
13,47,1
13,48,1
13,49,0
13,50,1
13,51,0
13,52,1
13,53,1
13,54,0
13,55,1
13,56,0
13,57,1
13,58,0
13,59,0
13,60,1
13,61,1
13,62,1
13,63,0
13,64,0
13,65,1
13,66,0
13,67,0
13,68,0
13,69,0
13,70,1
13,71,0
13,72,0
13,73,1
13,74,0
13,75,0
13,76,0
13,77,1
13,78,0
13,79,0
13,80,0
13,81,1
13,82,0
13,83,1
13,84,1
13,85,1
13,86,1
13,87,1
13,88,1
13,89,1
13,90,1
13,91,0
13,92,0
13,93,1
13,94,1
13,95,1
13,96,0
13,97,1
13,98,0
13,99,0
14,0,0
14,1,1
14,2,0
14,3,1
14,4,0
14,5,1
14,6,1
14,7,1
14,8,1
14,9,0
14,10,0
14,11,1
14,12,0
14,13,1
14,14,1
14,15,1
14,16,1
14,17,1
14,18,1
14,19,0
14,20,1
14,21,1
14,22,0
14,23,0
14,24,0
14,25,1
14,26,1
14,27,1
14,28,1
14,29,0
14,30,0
14,31,1
14,32,0
14,33,1
14,34,0
14,35,0
14,36,0
14,37,0
14,38,0
14,39,0
14,40,0
14,41,1
14,42,0
14,43,1
14,44,0
14,45,0
14,46,0
14,47,1
14,48,1
14,49,0
14,50,1
14,51,1
14,52,1
14,53,0
14,54,1
14,55,1
14,56,0
14,57,1
14,58,1
14,59,1
14,60,0
14,61,1
14,62,1
14,63,0
14,64,0
14,65,1
14,66,0
14,67,1
14,68,0
14,69,1
14,70,0
14,71,1
14,72,0
14,73,0
14,74,0
14,75,1
14,76,1
14,77,1
14,78,0
14,79,1
14,80,1
14,81,0
14,82,0
14,83,0
14,84,0
14,85,0
14,86,0
14,87,1
14,88,1
14,89,1
14,90,0
14,91,1
14,92,1
14,93,0
14,94,0
14,95,0
14,96,1
14,97,1
14,98,0
14,99,0
15,0,0
15,1,0
15,2,1
15,3,0
15,4,1
15,5,1
15,6,1
15,7,1
15,8,0
15,9,0
15,10,0
15,11,0
15,12,0
15,13,0
15,14,0
15,15,1
15,16,0
15,17,1
15,18,1
15,19,0
15,20,0
15,21,1
15,22,0
15,23,0
15,24,0
15,25,0
15,26,0
15,27,1
15,28,1
15,29,1
15,30,0
15,31,1
15,32,0
15,33,1
15,34,0
15,35,0
15,36,1
15,37,0
15,38,1
15,39,1
15,40,1
15,41,1
15,42,0
15,43,0
15,44,1
15,45,1
15,46,1
15,47,0
15,48,0
15,49,0
15,50,0
15,51,1
15,52,0
15,53,0
15,54,1
15,55,0
15,56,1
15,57,0
15,58,0
15,59,0
15,60,1
15,61,0
15,62,0
15,63,0
15,64,0
15,65,0
15,66,0
15,67,1
15,68,1
15,69,1
15,70,1
15,71,0
15,72,1
15,73,1
15,74,0
15,75,1
15,76,0
15,77,0
15,78,1
15,79,0
15,80,1
15,81,0
15,82,1
15,83,0
15,84,1
15,85,1
15,86,1
15,87,0
15,88,0
15,89,1
15,90,1
15,91,0
15,92,0
15,93,1
15,94,0
15,95,1
15,96,1
15,97,0
15,98,0
15,99,1
16,0,0
16,1,1
16,2,1
16,3,1
16,4,1
16,5,1
16,6,1
16,7,0
16,8,1
16,9,0
16,10,0
16,11,1
16,12,1
16,13,0
16,14,1
16,15,0
16,16,0
16,17,0
16,18,1
16,19,0
16,20,0
16,21,0
16,22,0
16,23,1
16,24,1
16,25,0
16,26,0
16,27,1
16,28,1
16,29,1
16,30,0
16,31,0
16,32,0
16,33,1
16,34,1
16,35,0
16,36,1
16,37,1
16,38,0
16,39,1
16,40,1
16,41,1
16,42,0
16,43,1
16,44,1
16,45,0
16,46,1
16,47,0
16,48,0
16,49,0
16,50,0
16,51,0
16,52,1
16,53,1
16,54,1
16,55,0
16,56,0
16,57,0
16,58,1
16,59,0
16,60,1
16,61,0
16,62,0
16,63,0
16,64,0
16,65,0
16,66,0
16,67,1
16,68,1
16,69,1
16,70,1
16,71,1
16,72,0
16,73,0
16,74,0
16,75,0
16,76,0
16,77,1
16,78,0
16,79,0
16,80,0
16,81,1
16,82,1
16,83,0
16,84,1
16,85,1
16,86,0
16,87,1
16,88,1
16,89,0
16,90,1
16,91,0
16,92,1
16,93,0
16,94,1
16,95,1
16,96,0
16,97,1
16,98,1
16,99,1
17,0,1
17,1,0
17,2,1
17,3,1
17,4,0
17,5,1
17,6,1
17,7,0
17,8,1
17,9,0
17,10,1
17,11,0
17,12,1
17,13,0
17,14,0
17,15,0
17,16,1
17,17,1
17,18,0
17,19,0
17,20,0
17,21,0
17,22,1
17,23,1
17,24,0
17,25,0
17,26,0
17,27,0
17,28,0
17,29,1
17,30,0
17,31,1
17,32,0
17,33,1
17,34,1
17,35,0
17,36,1
17,37,0
17,38,1
17,39,0
17,40,1
17,41,0
17,42,0
17,43,1
17,44,0
17,45,1
17,46,1
17,47,1
17,48,0
17,49,0
17,50,0
17,51,0
17,52,0
17,53,1
17,54,1
17,55,0
17,56,0
17,57,0
17,58,1
17,59,1
17,60,0
17,61,0
17,62,0
17,63,0
17,64,0
17,65,1
17,66,0
17,67,1
17,68,0
17,69,1
17,70,0
17,71,0
17,72,0
17,73,1
17,74,1
17,75,0
17,76,0
17,77,1
17,78,0
17,79,0
17,80,1
17,81,0
17,82,0
17,83,1
17,84,0
17,85,0
17,86,0
17,87,0
17,88,1
17,89,0
17,90,1
17,91,1
17,92,1
17,93,0
17,94,1
17,95,1
17,96,0
17,97,0
17,98,1
17,99,1
18,0,1
18,1,1
18,2,1
18,3,0
18,4,1
18,5,0
18,6,0
18,7,1
18,8,1
18,9,0
18,10,1
18,11,1
18,12,0
18,13,0
18,14,1
18,15,1
18,16,1
18,17,1
18,18,1
18,19,0
18,20,0
18,21,1
18,22,1
18,23,1
18,24,0
18,25,1
18,26,1
18,27,1
18,28,1
18,29,1
18,30,0
18,31,1
18,32,1
18,33,0
18,34,1
18,35,0
18,36,0
18,37,1
18,38,1
18,39,0
18,40,0
18,41,1
18,42,1
18,43,1
18,44,1
18,45,0
18,46,0
18,47,1
18,48,0
18,49,1
18,50,1
18,51,1
18,52,1
18,53,1
18,54,1
18,55,1
18,56,0
18,57,1
18,58,1
18,59,0
18,60,0
18,61,1
18,62,1
18,63,1
18,64,1
18,65,0
18,66,0
18,67,0
18,68,0
18,69,1
18,70,1
18,71,1
18,72,0
18,73,1
18,74,0
18,75,0
18,76,0
18,77,0
18,78,1
18,79,1
18,80,0
18,81,1
18,82,0
18,83,1
18,84,0
18,85,1
18,86,1
18,87,1
18,88,1
18,89,0
18,90,1
18,91,1
18,92,0
18,93,0
18,94,1
18,95,0
18,96,1
18,97,1
18,98,1
18,99,0
19,0,0
19,1,0
19,2,1
19,3,1
19,4,0
19,5,1
19,6,1
19,7,0
19,8,0
19,9,1
19,10,1
19,11,0
19,12,0
19,13,0
19,14,0
19,15,0
19,16,0
19,17,1
19,18,0
19,19,1
19,20,0
19,21,1
19,22,0
19,23,0
19,24,0
19,25,1
19,26,0
19,27,0
19,28,0
19,29,0
19,30,1
19,31,1
19,32,0
19,33,0
19,34,0
19,35,0
19,36,0
19,37,0
19,38,1
19,39,0
19,40,1
19,41,0
19,42,1
19,43,1
19,44,0
19,45,1
19,46,0
19,47,1
19,48,0
19,49,0
19,50,0
19,51,1
19,52,1
19,53,0
19,54,0
19,55,0
19,56,0
19,57,1
19,58,0
19,59,1
19,60,1
19,61,0
19,62,0
19,63,0
19,64,0
19,65,1
19,66,1
19,67,1
19,68,1
19,69,0
19,70,1
19,71,0
19,72,1
19,73,0
19,74,0
19,75,0
19,76,0
19,77,0
19,78,1
19,79,1
19,80,0
19,81,1
19,82,0
19,83,0
19,84,1
19,85,0
19,86,1
19,87,0
19,88,1
19,89,0
19,90,1
19,91,0
19,92,0
19,93,0
19,94,0
19,95,0
19,96,1
19,97,1
19,98,0
19,99,1
20,0,0
20,1,1
20,2,0
20,3,1
20,4,0
20,5,0
20,6,1
20,7,0
20,8,1
20,9,0
20,10,1
20,11,1
20,12,1
20,13,0
20,14,0
20,15,1
20,16,0
20,17,1
20,18,1
20,19,0
20,20,1
20,21,1
20,22,1
20,23,0
20,24,1
20,25,0
20,26,0
20,27,0
20,28,0
20,29,0
20,30,0
20,31,0
20,32,0
20,33,0
20,34,0
20,35,1
20,36,0
20,37,1
20,38,0
20,39,1
20,40,1
20,41,0
20,42,1
20,43,1
20,44,0
20,45,0
20,46,1
20,47,1
20,48,1
20,49,0
20,50,1
20,51,1
20,52,0
20,53,1
20,54,1
20,55,1
20,56,1
20,57,0
20,58,0
20,59,1
20,60,1
20,61,0
20,62,0
20,63,0
20,64,0
20,65,0
20,66,1
20,67,1
20,68,0
20,69,0
20,70,1
20,71,0
20,72,0
20,73,1
20,74,1
20,75,0
20,76,1
20,77,0
20,78,0
20,79,1
20,80,1
20,81,1
20,82,1
20,83,1
20,84,1
20,85,0
20,86,1
20,87,0
20,88,1
20,89,1
20,90,0
20,91,1
20,92,0
20,93,1
20,94,1
20,95,0
20,96,1
20,97,1
20,98,0
20,99,0
21,0,1
21,1,1
21,2,0
21,3,1
21,4,1
21,5,0
21,6,0
21,7,0
21,8,0
21,9,0
21,10,1
21,11,0
21,12,0
21,13,0
21,14,1
21,15,1
21,16,1
21,17,0
21,18,0
21,19,1
21,20,0
21,21,1
21,22,0
21,23,0
21,24,0
21,25,1
21,26,1
21,27,0
21,28,1
21,29,1
21,30,0
21,31,0
21,32,1
21,33,0
21,34,0
21,35,0
21,36,0
21,37,0
21,38,1
21,39,1
21,40,1
21,41,0
21,42,0
21,43,1
21,44,1
21,45,1
21,46,1
21,47,0
21,48,0
21,49,1
21,50,1
21,51,1
21,52,1
21,53,0
21,54,1
21,55,1
21,56,1
21,57,0
21,58,1
21,59,0
21,60,0
21,61,0
21,62,1
21,63,0
21,64,1
21,65,1
21,66,1
21,67,0
21,68,0
21,69,0
21,70,1
21,71,1
21,72,1
21,73,1
21,74,1
21,75,0
21,76,1
21,77,1
21,78,1
21,79,0
21,80,1
21,81,0
21,82,0
21,83,0
21,84,0
21,85,1
21,86,1
21,87,0
21,88,0
21,89,1
21,90,1
21,91,1
21,92,1
21,93,0
21,94,1
21,95,0
21,96,0
21,97,1
21,98,0
21,99,1
22,0,1
22,1,0
22,2,0
22,3,0
22,4,0
22,5,0
22,6,1
22,7,0
22,8,1
22,9,0
22,10,1
22,11,0
22,12,0
22,13,1
22,14,1
22,15,1
22,16,0
22,17,0
22,18,0
22,19,1
22,20,0
22,21,1
22,22,1
22,23,1
22,24,0
22,25,1
22,26,0
22,27,1
22,28,0
22,29,1
22,30,0
22,31,0
22,32,0
22,33,1
22,34,0
22,35,0
22,36,1
22,37,0
22,38,1
22,39,1
22,40,0
22,41,0
22,42,0
22,43,1
22,44,1
22,45,1
22,46,0
22,47,0
22,48,0
22,49,0
22,50,1
22,51,0
22,52,0
22,53,1
22,54,0
22,55,1
22,56,0
22,57,1
22,58,0
22,59,0
22,60,1
22,61,1
22,62,0
22,63,1
22,64,0
22,65,1
22,66,0
22,67,0
22,68,1
22,69,1
22,70,1
22,71,1
22,72,0
22,73,0
22,74,0
22,75,1
22,76,0
22,77,1
22,78,0
22,79,0
22,80,0
22,81,0
22,82,1
22,83,0
22,84,1
22,85,1
22,86,0
22,87,1
22,88,1
22,89,1
22,90,1
22,91,0
22,92,0
22,93,0
22,94,0
22,95,0
22,96,1
22,97,0
22,98,1
22,99,1
23,0,0
23,1,1
23,2,0
23,3,1
23,4,1
23,5,1
23,6,1
23,7,1
23,8,0
23,9,1
23,10,1
23,11,1
23,12,1
23,13,1
23,14,0
23,15,0
23,16,0
23,17,0
23,18,0
23,19,1
23,20,1
23,21,0
23,22,0
23,23,1
23,24,0
23,25,0
23,26,0
23,27,0
23,28,1
23,29,1
23,30,1
23,31,0
23,32,0
23,33,0
23,34,1
23,35,0
23,36,1
23,37,0
23,38,1
23,39,0
23,40,1
23,41,1
23,42,1
23,43,1
23,44,0
23,45,1
23,46,0
23,47,1
23,48,1
23,49,0
23,50,1
23,51,1
23,52,0
23,53,1
23,54,1
23,55,0
23,56,1
23,57,1
23,58,0
23,59,1
23,60,1
23,61,0
23,62,1
23,63,0
23,64,0
23,65,0
23,66,0
23,67,1
23,68,0
23,69,0
23,70,1
23,71,0
23,72,0
23,73,1
23,74,1
23,75,1
23,76,0
23,77,1
23,78,0
23,79,0
23,80,1
23,81,1
23,82,1
23,83,1
23,84,1
23,85,0
23,86,0
23,87,1
23,88,0
23,89,1
23,90,0
23,91,1
23,92,1
23,93,1
23,94,1
23,95,1
23,96,1
23,97,0
23,98,1
23,99,1
24,0,0
24,1,1
24,2,1
24,3,1
24,4,0
24,5,0
24,6,0
24,7,0
24,8,0
24,9,0
24,10,1
24,11,1
24,12,0
24,13,0
24,14,1
24,15,1
24,16,1
24,17,1
24,18,0
24,19,1
24,20,1
24,21,0
24,22,1
24,23,0
24,24,1
24,25,0
24,26,1
24,27,0
24,28,1
24,29,0
24,30,0
24,31,0
24,32,1
24,33,1
24,34,1
24,35,0
24,36,0
24,37,1
24,38,0
24,39,1
24,40,1
24,41,0
24,42,0
24,43,1
24,44,0
24,45,0
24,46,1
24,47,0
24,48,0
24,49,1
24,50,1
24,51,1
24,52,0
24,53,0
24,54,1
24,55,1
24,56,1
24,57,1
24,58,0
24,59,0
24,60,0
24,61,0
24,62,1
24,63,1
24,64,0
24,65,0
24,66,0
24,67,1
24,68,1
24,69,1
24,70,0
24,71,1
24,72,1
24,73,1
24,74,1
24,75,0
24,76,1
24,77,0
24,78,0
24,79,1
24,80,0
24,81,1
24,82,0
24,83,0
24,84,0
24,85,0
24,86,1
24,87,0
24,88,1
24,89,1
24,90,1
24,91,1
24,92,0
24,93,0
24,94,1
24,95,0
24,96,0
24,97,1
24,98,0
24,99,1
25,0,0
25,1,0
25,2,1
25,3,1
25,4,1
25,5,0
25,6,1
25,7,1
25,8,0
25,9,1
25,10,0
25,11,0
25,12,1
25,13,0
25,14,0
25,15,0
25,16,1
25,17,0
25,18,0
25,19,0
25,20,0
25,21,1
25,22,0
25,23,0
25,24,1
25,25,1
25,26,1
25,27,1
25,28,1
25,29,0
25,30,1
25,31,1
25,32,0
25,33,1
25,34,1
25,35,0
25,36,1
25,37,1
25,38,1
25,39,1
25,40,1
25,41,0
25,42,0
25,43,1
25,44,0
25,45,1
25,46,1
25,47,0
25,48,1
25,49,1
25,50,0
25,51,0
25,52,0
25,53,1
25,54,1
25,55,0
25,56,0
25,57,1
25,58,0
25,59,0
25,60,1
25,61,1
25,62,0
25,63,0
25,64,0
25,65,0
25,66,0
25,67,0
25,68,1
25,69,0
25,70,1
25,71,0
25,72,0
25,73,0
25,74,0
25,75,1
25,76,1
25,77,1
25,78,1
25,79,1
25,80,0
25,81,0
25,82,1
25,83,1
25,84,1
25,85,0
25,86,1
25,87,0
25,88,1
25,89,1
25,90,0
25,91,0
25,92,1
25,93,0
25,94,0
25,95,0
25,96,1
25,97,1
25,98,0
25,99,0
26,0,0
26,1,0
26,2,1
26,3,0
26,4,0
26,5,1
26,6,1
26,7,1
26,8,0
26,9,1
26,10,0
26,11,1
26,12,1
26,13,1
26,14,0
26,15,1
26,16,0
26,17,0
26,18,1
26,19,1
26,20,1
26,21,0
26,22,0
26,23,0
26,24,1
26,25,1
26,26,1
26,27,0
26,28,0
26,29,1
26,30,0
26,31,0
26,32,1
26,33,0
26,34,1
26,35,1
26,36,1
26,37,1
26,38,1
26,39,0
26,40,0
26,41,0
26,42,1
26,43,0
26,44,0
26,45,0
26,46,1
26,47,0
26,48,0
26,49,1
26,50,1
26,51,0
26,52,1
26,53,0
26,54,1
26,55,0
26,56,1
26,57,0
26,58,0
26,59,1
26,60,0
26,61,0
26,62,0
26,63,1
26,64,0
26,65,1
26,66,1
26,67,0
26,68,1
26,69,1
26,70,1
26,71,1
26,72,1
26,73,0
26,74,0
26,75,1
26,76,1
26,77,0
26,78,0
26,79,0
26,80,1
26,81,0
26,82,0
26,83,0
26,84,0
26,85,0
26,86,0
26,87,1
26,88,1
26,89,0
26,90,1
26,91,1
26,92,1
26,93,0
26,94,1
26,95,0
26,96,1
26,97,1
26,98,0
26,99,0
27,0,0
27,1,1
27,2,0
27,3,0
27,4,0
27,5,1
27,6,0
27,7,0
27,8,1
27,9,0
27,10,0
27,11,0
27,12,1
27,13,1
27,14,0
27,15,1
27,16,0
27,17,0
27,18,1
27,19,1
27,20,1
27,21,0
27,22,1
27,23,1
27,24,0
27,25,0
27,26,1
27,27,0
27,28,1
27,29,0
27,30,1
27,31,0
27,32,0
27,33,0
27,34,1
27,35,1
27,36,1
27,37,1
27,38,1
27,39,0
27,40,0
27,41,0
27,42,0
27,43,1
27,44,0
27,45,1
27,46,1
27,47,0
27,48,0
27,49,0
27,50,0
27,51,1
27,52,1
27,53,1
27,54,0
27,55,0
27,56,1
27,57,0
27,58,1
27,59,1
27,60,0
27,61,1
27,62,0
27,63,0
27,64,1
27,65,1
27,66,0
27,67,0
27,68,1
27,69,1
27,70,1
27,71,0
27,72,0
27,73,0
27,74,1
27,75,0
27,76,1
27,77,1
27,78,0
27,79,1
27,80,0
27,81,1
27,82,1
27,83,0
27,84,0
27,85,0
27,86,1
27,87,0
27,88,0
27,89,0
27,90,0
27,91,0
27,92,1
27,93,0
27,94,1
27,95,1
27,96,0
27,97,1
27,98,0
27,99,0
28,0,1
28,1,0
28,2,0
28,3,1
28,4,0
28,5,0
28,6,0
28,7,1
28,8,1
28,9,1
28,10,1
28,11,0
28,12,0
28,13,0
28,14,0
28,15,0
28,16,0
28,17,1
28,18,0
28,19,0
28,20,1
28,21,1
28,22,1
28,23,1
28,24,1
28,25,1
28,26,1
28,27,0
28,28,1
28,29,0
28,30,0
28,31,0
28,32,0
28,33,0
28,34,0
28,35,0
28,36,0
28,37,0
28,38,1
28,39,0
28,40,1
28,41,0
28,42,0
28,43,0
28,44,1
28,45,0
28,46,0
28,47,1
28,48,0
28,49,1
28,50,0
28,51,0
28,52,0
28,53,0
28,54,1
28,55,0
28,56,1
28,57,1
28,58,0
28,59,0
28,60,1
28,61,0
28,62,1
28,63,1
28,64,1
28,65,0
28,66,1
28,67,1
28,68,1
28,69,1
28,70,0
28,71,1
28,72,0
28,73,0
28,74,1
28,75,0
28,76,1
28,77,1
28,78,1
28,79,1
28,80,1
28,81,0
28,82,1
28,83,1
28,84,0
28,85,1
28,86,1
28,87,0
28,88,1
28,89,1
28,90,1
28,91,0
28,92,0
28,93,1
28,94,0
28,95,1
28,96,1
28,97,0
28,98,1
28,99,1
29,0,1
29,1,0
29,2,0
29,3,0
29,4,0
29,5,0
29,6,0
29,7,0
29,8,0
29,9,0
29,10,1
29,11,1
29,12,1
29,13,1
29,14,1
29,15,0
29,16,1
29,17,0
29,18,0
29,19,0
29,20,0
29,21,1
29,22,0
29,23,1
29,24,0
29,25,0
29,26,1
29,27,0
29,28,1
29,29,0
29,30,1
29,31,0
29,32,0
29,33,0
29,34,1
29,35,1
29,36,0
29,37,0
29,38,0
29,39,1
29,40,1
29,41,1
29,42,0
29,43,0
29,44,1
29,45,0
29,46,0
29,47,0
29,48,0
29,49,0
29,50,0
29,51,1
29,52,0
29,53,1
29,54,0
29,55,1
29,56,1
29,57,1
29,58,1
29,59,0
29,60,0
29,61,1
29,62,1
29,63,1
29,64,1
29,65,1
29,66,1
29,67,0
29,68,1
29,69,1
29,70,0
29,71,1
29,72,1
29,73,1
29,74,1
29,75,0
29,76,1
29,77,0
29,78,0
29,79,1
29,80,1
29,81,1
29,82,1
29,83,1
29,84,0
29,85,0
29,86,0
29,87,0
29,88,0
29,89,0
29,90,1
29,91,0
29,92,1
29,93,1
29,94,0
29,95,1
29,96,0
29,97,1
29,98,0
29,99,0
30,0,0
30,1,0
30,2,1
30,3,1
30,4,0
30,5,1
30,6,0
30,7,1
30,8,1
30,9,1
30,10,1
30,11,0
30,12,0
30,13,0
30,14,1
30,15,0
30,16,0
30,17,0
30,18,1
30,19,0
30,20,1
30,21,0
30,22,1
30,23,0
30,24,1
30,25,1
30,26,0
30,27,1
30,28,1
30,29,1
30,30,0
30,31,1
30,32,0
30,33,1
30,34,1
30,35,0
30,36,0
30,37,1
30,38,1
30,39,0
30,40,0
30,41,0
30,42,0
30,43,1
30,44,1
30,45,1
30,46,0
30,47,1
30,48,0
30,49,1
30,50,0
30,51,1
30,52,1
30,53,0
30,54,0
30,55,0
30,56,0
30,57,1
30,58,0
30,59,1
30,60,0
30,61,1
30,62,1
30,63,1
30,64,0
30,65,0
30,66,1
30,67,1
30,68,0
30,69,1
30,70,1
30,71,1
30,72,0
30,73,0
30,74,0
30,75,1
30,76,0
30,77,0
30,78,1
30,79,0
30,80,1
30,81,1
30,82,0
30,83,1
30,84,1
30,85,0
30,86,1
30,87,1
30,88,1
30,89,0
30,90,1
30,91,0
30,92,1
30,93,0
30,94,0
30,95,0
30,96,0
30,97,1
30,98,0
30,99,1
31,0,1
31,1,0
31,2,0
31,3,1
31,4,0
31,5,0
31,6,0
31,7,0
31,8,1
31,9,1
31,10,1
31,11,0
31,12,1
31,13,1
31,14,1
31,15,1
31,16,0
31,17,1
31,18,1
31,19,0
31,20,0
31,21,0
31,22,1
31,23,0
31,24,0
31,25,1
31,26,0
31,27,1
31,28,1
31,29,1
31,30,0
31,31,0
31,32,1
31,33,1
31,34,0
31,35,0
31,36,0
31,37,1
31,38,1
31,39,1
31,40,1
31,41,0
31,42,0
31,43,0
31,44,0
31,45,0
31,46,0
31,47,0
31,48,0
31,49,1
31,50,0
31,51,0
31,52,0
31,53,0
31,54,0
31,55,1
31,56,1
31,57,1
31,58,1
31,59,0
31,60,0
31,61,0
31,62,1
31,63,0
31,64,1
31,65,1
31,66,0
31,67,1
31,68,0
31,69,1
31,70,1
31,71,1
31,72,0
31,73,1
31,74,0
31,75,0
31,76,0
31,77,0
31,78,1
31,79,0
31,80,0
31,81,0
31,82,1
31,83,1
31,84,0
31,85,1
31,86,0
31,87,1
31,88,1
31,89,0
31,90,0
31,91,0
31,92,0
31,93,1
31,94,0
31,95,0
31,96,0
31,97,1
31,98,0
31,99,1
32,0,0
32,1,1
32,2,0
32,3,1
32,4,1
32,5,1
32,6,1
32,7,1
32,8,1
32,9,0
32,10,0
32,11,0
32,12,0
32,13,1
32,14,1
32,15,1
32,16,1
32,17,0
32,18,0
32,19,0
32,20,1
32,21,0
32,22,0
32,23,1
32,24,1
32,25,0
32,26,0
32,27,0
32,28,0
32,29,0
32,30,1
32,31,0
32,32,0
32,33,0
32,34,0
32,35,0
32,36,1
32,37,1
32,38,0
32,39,0
32,40,0
32,41,0
32,42,1
32,43,1
32,44,0
32,45,1
32,46,0
32,47,1
32,48,1
32,49,1
32,50,1
32,51,1
32,52,1
32,53,0
32,54,1
32,55,1
32,56,1
32,57,1
32,58,0
32,59,1
32,60,0
32,61,1
32,62,0
32,63,1
32,64,0
32,65,0
32,66,1
32,67,1
32,68,1
32,69,0
32,70,0
32,71,0
32,72,1
32,73,1
32,74,1
32,75,1
32,76,0
32,77,0
32,78,0
32,79,0
32,80,1
32,81,0
32,82,1
32,83,1
32,84,1
32,85,0
32,86,1
32,87,0
32,88,0
32,89,1
32,90,1
32,91,0
32,92,1
32,93,1
32,94,1
32,95,1
32,96,0
32,97,1
32,98,1
32,99,0
33,0,1
33,1,1
33,2,0
33,3,0
33,4,1
33,5,0
33,6,0
33,7,1
33,8,0
33,9,0
33,10,0
33,11,0
33,12,1
33,13,0
33,14,1
33,15,0
33,16,1
33,17,1
33,18,1
33,19,0
33,20,0
33,21,0
33,22,0
33,23,0
33,24,0
33,25,0
33,26,1
33,27,0
33,28,0
33,29,0
33,30,0
33,31,1
33,32,0
33,33,1
33,34,0
33,35,1
33,36,1
33,37,0
33,38,1
33,39,0
33,40,1
33,41,0
33,42,0
33,43,1
33,44,0
33,45,0
33,46,0
33,47,0
33,48,1
33,49,1
33,50,0
33,51,1
33,52,1
33,53,1
33,54,1
33,55,0
33,56,1
33,57,1
33,58,0
33,59,1
33,60,0
33,61,1
33,62,1
33,63,0
33,64,0
33,65,0
33,66,1
33,67,1
33,68,0
33,69,1
33,70,1
33,71,0
33,72,1
33,73,0
33,74,1
33,75,1
33,76,0
33,77,1
33,78,0
33,79,1
33,80,0
33,81,0
33,82,1
33,83,0
33,84,0
33,85,1
33,86,0
33,87,1
33,88,0
33,89,1
33,90,1
33,91,1
33,92,1
33,93,1
33,94,1
33,95,1
33,96,1
33,97,1
33,98,1
33,99,0
34,0,0
34,1,1
34,2,0
34,3,1
34,4,1
34,5,1
34,6,1
34,7,1
34,8,1
34,9,1
34,10,0
34,11,0
34,12,0
34,13,0
34,14,0
34,15,0
34,16,1
34,17,1
34,18,0
34,19,1
34,20,0
34,21,0
34,22,1
34,23,0
34,24,1
34,25,0
34,26,1
34,27,1
34,28,0
34,29,0
34,30,1
34,31,1
34,32,1
34,33,1
34,34,0
34,35,1
34,36,1
34,37,0
34,38,0
34,39,1
34,40,1
34,41,1
34,42,1
34,43,0
34,44,1
34,45,1
34,46,1
34,47,0
34,48,1
34,49,1
34,50,0
34,51,0
34,52,0
34,53,1
34,54,0
34,55,1
34,56,0
34,57,1
34,58,0
34,59,1
34,60,0
34,61,0
34,62,0
34,63,0
34,64,0
34,65,1
34,66,1
34,67,0
34,68,1
34,69,0
34,70,1
34,71,1
34,72,0
34,73,1
34,74,1
34,75,0
34,76,1
34,77,0
34,78,1
34,79,0
34,80,0
34,81,1
34,82,0
34,83,0
34,84,1
34,85,0
34,86,0
34,87,0
34,88,0
34,89,1
34,90,1
34,91,1
34,92,1
34,93,0
34,94,1
34,95,0
34,96,1
34,97,1
34,98,0
34,99,0
35,0,1
35,1,1
35,2,1
35,3,0
35,4,1
35,5,1
35,6,0
35,7,0
35,8,0
35,9,1
35,10,0
35,11,1
35,12,0
35,13,0
35,14,1
35,15,0
35,16,1
35,17,0
35,18,1
35,19,0
35,20,0
35,21,1
35,22,1
35,23,1
35,24,1
35,25,0
35,26,0
35,27,1
35,28,0
35,29,0
35,30,1
35,31,0
35,32,0
35,33,1
35,34,0
35,35,1
35,36,0
35,37,0
35,38,1
35,39,1
35,40,1
35,41,1
35,42,0
35,43,0
35,44,0
35,45,0
35,46,1
35,47,0
35,48,1
35,49,0
35,50,0
35,51,1
35,52,0
35,53,1
35,54,1
35,55,0
35,56,0
35,57,1
35,58,1
35,59,1
35,60,1
35,61,1
35,62,1
35,63,0
35,64,0
35,65,1
35,66,1
35,67,1
35,68,0
35,69,1
35,70,0
35,71,1
35,72,1
35,73,1
35,74,0
35,75,0
35,76,1
35,77,1
35,78,0
35,79,0
35,80,0
35,81,1
35,82,1
35,83,1
35,84,0
35,85,1
35,86,1
35,87,1
35,88,0
35,89,0
35,90,0
35,91,0
35,92,0
35,93,0
35,94,0
35,95,0
35,96,0
35,97,0
35,98,0
35,99,0
36,0,1
36,1,1
36,2,0
36,3,1
36,4,0
36,5,0
36,6,1
36,7,0
36,8,0
36,9,0
36,10,1
36,11,1
36,12,1
36,13,1
36,14,0
36,15,0
36,16,0
36,17,0
36,18,1
36,19,0
36,20,1
36,21,0
36,22,0
36,23,1
36,24,1
36,25,1
36,26,1
36,27,1
36,28,1
36,29,0
36,30,0
36,31,1
36,32,1
36,33,0
36,34,0
36,35,1
36,36,1
36,37,0
36,38,0
36,39,0
36,40,0
36,41,1
36,42,0
36,43,0
36,44,0
36,45,0
36,46,0
36,47,0
36,48,0
36,49,0
36,50,1
36,51,1
36,52,1
36,53,0
36,54,1
36,55,0
36,56,1
36,57,0
36,58,0
36,59,0
36,60,1
36,61,0
36,62,0
36,63,0
36,64,1
36,65,0
36,66,1
36,67,1
36,68,1
36,69,0
36,70,0
36,71,0
36,72,1
36,73,0
36,74,0
36,75,0
36,76,1
36,77,1
36,78,1
36,79,0
36,80,1
36,81,0
36,82,1
36,83,0
36,84,0
36,85,0
36,86,1
36,87,1
36,88,1
36,89,0
36,90,0
36,91,0
36,92,1
36,93,0
36,94,1
36,95,0
36,96,1
36,97,1
36,98,0
36,99,1
37,0,1
37,1,1
37,2,1
37,3,0
37,4,1
37,5,0
37,6,0
37,7,1
37,8,1
37,9,1
37,10,1
37,11,1
37,12,0
37,13,0
37,14,0
37,15,1
37,16,1
37,17,1
37,18,0
37,19,1
37,20,0
37,21,1
37,22,0
37,23,1
37,24,1
37,25,1
37,26,1
37,27,1
37,28,0
37,29,0
37,30,0
37,31,1
37,32,1
37,33,0
37,34,0
37,35,1
37,36,0
37,37,1
37,38,0
37,39,0
37,40,0
37,41,1
37,42,1
37,43,1
37,44,0
37,45,1
37,46,0
37,47,0
37,48,1
37,49,0
37,50,0
37,51,1
37,52,0
37,53,0
37,54,0
37,55,0
37,56,0
37,57,0
37,58,1
37,59,0
37,60,1
37,61,0
37,62,0
37,63,0
37,64,0
37,65,1
37,66,0
37,67,1
37,68,0
37,69,0
37,70,1
37,71,1
37,72,0
37,73,0
37,74,0
37,75,0
37,76,0
37,77,0
37,78,1
37,79,1
37,80,1
37,81,1
37,82,1
37,83,1
37,84,1
37,85,0
37,86,0
37,87,1
37,88,0
37,89,1
37,90,0
37,91,1
37,92,0
37,93,1
37,94,0
37,95,1
37,96,1
37,97,1
37,98,0
37,99,1
38,0,0
38,1,1
38,2,1
38,3,0
38,4,0
38,5,1
38,6,1
38,7,1
38,8,0
38,9,0
38,10,0
38,11,1
38,12,1
38,13,0
38,14,1
38,15,1
38,16,0
38,17,1
38,18,1
38,19,1
38,20,1
38,21,0
38,22,1
38,23,1
38,24,0
38,25,0
38,26,1
38,27,1
38,28,1
38,29,1
38,30,1
38,31,1
38,32,1
38,33,0
38,34,0
38,35,1
38,36,1
38,37,1
38,38,0
38,39,0
38,40,0
38,41,1
38,42,1
38,43,0
38,44,0
38,45,1
38,46,1
38,47,0
38,48,0
38,49,1
38,50,0
38,51,0
38,52,1
38,53,1
38,54,0
38,55,1
38,56,1
38,57,1
38,58,1
38,59,0
38,60,0
38,61,0
38,62,0
38,63,1
38,64,0
38,65,0
38,66,1
38,67,0
38,68,0
38,69,0
38,70,0
38,71,0
38,72,0
38,73,0
38,74,0
38,75,0
38,76,1
38,77,0
38,78,1
38,79,0
38,80,1
38,81,1
38,82,1
38,83,1
38,84,0
38,85,1
38,86,1
38,87,1
38,88,1
38,89,0
38,90,0
38,91,0
38,92,1
38,93,1
38,94,0
38,95,0
38,96,0
38,97,1
38,98,0
38,99,0
39,0,0
39,1,1
39,2,1
39,3,0
39,4,0
39,5,0
39,6,0
39,7,0
39,8,1
39,9,0
39,10,0
39,11,0
39,12,1
39,13,1
39,14,0
39,15,1
39,16,1
39,17,1
39,18,1
39,19,1
39,20,0
39,21,0
39,22,1
39,23,1
39,24,0
39,25,1
39,26,1
39,27,0
39,28,1
39,29,0
39,30,1
39,31,1
39,32,0
39,33,0
39,34,1
39,35,0
39,36,1
39,37,0
39,38,0
39,39,0
39,40,0
39,41,1
39,42,1
39,43,1
39,44,1
39,45,1
39,46,1
39,47,1
39,48,0
39,49,1
39,50,0
39,51,0
39,52,1
39,53,1
39,54,1
39,55,1
39,56,0
39,57,1
39,58,0
39,59,1
39,60,1
39,61,1
39,62,0
39,63,1
39,64,0
39,65,0
39,66,0
39,67,1
39,68,0
39,69,1
39,70,1
39,71,1
39,72,0
39,73,0
39,74,1
39,75,1
39,76,1
39,77,0
39,78,1
39,79,0
39,80,1
39,81,1
39,82,1
39,83,1
39,84,0
39,85,0
39,86,0
39,87,1
39,88,0
39,89,0
39,90,1
39,91,1
39,92,1
39,93,1
39,94,1
39,95,1
39,96,0
39,97,0
39,98,1
39,99,1
40,0,1
40,1,0
40,2,0
40,3,1
40,4,1
40,5,1
40,6,1
40,7,1
40,8,0
40,9,0
40,10,1
40,11,1
40,12,0
40,13,0
40,14,0
40,15,0
40,16,1
40,17,1
40,18,0
40,19,1
40,20,0
40,21,1
40,22,1
40,23,1
40,24,1
40,25,1
40,26,1
40,27,1
40,28,1
40,29,1
40,30,0
40,31,1
40,32,0
40,33,1
40,34,0
40,35,1
40,36,1
40,37,0
40,38,0
40,39,1
40,40,1
40,41,1
40,42,1
40,43,1
40,44,0
40,45,1
40,46,0
40,47,1
40,48,0
40,49,1
40,50,1
40,51,0
40,52,0
40,53,0
40,54,0
40,55,1
40,56,0
40,57,0
40,58,1
40,59,0
40,60,0
40,61,0
40,62,1
40,63,0
40,64,1
40,65,0
40,66,1
40,67,1
40,68,1
40,69,0
40,70,0
40,71,0
40,72,0
40,73,1
40,74,0
40,75,0
40,76,1
40,77,1
40,78,1
40,79,0
40,80,0
40,81,1
40,82,1
40,83,1
40,84,0
40,85,0
40,86,0
40,87,0
40,88,0
40,89,0
40,90,0
40,91,1
40,92,0
40,93,0
40,94,1
40,95,1
40,96,0
40,97,0
40,98,0
40,99,1
41,0,1
41,1,1
41,2,0
41,3,1
41,4,0
41,5,1
41,6,1
41,7,1
41,8,0
41,9,1
41,10,0
41,11,1
41,12,0
41,13,1
41,14,0
41,15,0
41,16,1
41,17,1
41,18,1
41,19,0
41,20,1
41,21,1
41,22,1
41,23,1
41,24,1
41,25,0
41,26,1
41,27,0
41,28,1
41,29,0
41,30,1
41,31,0
41,32,1
41,33,1
41,34,1
41,35,0
41,36,1
41,37,0
41,38,0
41,39,1
41,40,1
41,41,0
41,42,1
41,43,0
41,44,1
41,45,0
41,46,0
41,47,0
41,48,0
41,49,0
41,50,1
41,51,1
41,52,1
41,53,0
41,54,1
41,55,1
41,56,0
41,57,1
41,58,1
41,59,0
41,60,1
41,61,1
41,62,0
41,63,1
41,64,1
41,65,0
41,66,0
41,67,0
41,68,0
41,69,0
41,70,0
41,71,0
41,72,1
41,73,0
41,74,1
41,75,0
41,76,0
41,77,0
41,78,1
41,79,0
41,80,0
41,81,0
41,82,0
41,83,1
41,84,1
41,85,0
41,86,1
41,87,1
41,88,1
41,89,1
41,90,0
41,91,1
41,92,1
41,93,0
41,94,1
41,95,0
41,96,0
41,97,1
41,98,1
41,99,1
42,0,1
42,1,0
42,2,0
42,3,0
42,4,0
42,5,1
42,6,1
42,7,0
42,8,1
42,9,1
42,10,1
42,11,1
42,12,0
42,13,0
42,14,1
42,15,1
42,16,1
42,17,1
42,18,1
42,19,1
42,20,1
42,21,1
42,22,1
42,23,0
42,24,0
42,25,0
42,26,0
42,27,0
42,28,1
42,29,0
42,30,0
42,31,1
42,32,0
42,33,0
42,34,0
42,35,0
42,36,0
42,37,0
42,38,1
42,39,0
42,40,1
42,41,1
42,42,1
42,43,1
42,44,0
42,45,1
42,46,0
42,47,1
42,48,1
42,49,0
42,50,0
42,51,0
42,52,1
42,53,1
42,54,0
42,55,1
42,56,0
42,57,1
42,58,0
42,59,1
42,60,1
42,61,0
42,62,1
42,63,0
42,64,1
42,65,0
42,66,0
42,67,1
42,68,0
42,69,0
42,70,1
42,71,0
42,72,1
42,73,1
42,74,1
42,75,1
42,76,1
42,77,0
42,78,1
42,79,0
42,80,0
42,81,1
42,82,0
42,83,0
42,84,1
42,85,1
42,86,1
42,87,1
42,88,0
42,89,1
42,90,1
42,91,0
42,92,0
42,93,1
42,94,0
42,95,1
42,96,1
42,97,0
42,98,1
42,99,1
43,0,1
43,1,1
43,2,1
43,3,0
43,4,0
43,5,1
43,6,0
43,7,0
43,8,0
43,9,1
43,10,0
43,11,1
43,12,1
43,13,1
43,14,1
43,15,1
43,16,0
43,17,0
43,18,0
43,19,0
43,20,0
43,21,0
43,22,1
43,23,0
43,24,1
43,25,1
43,26,0
43,27,0
43,28,0
43,29,1
43,30,0
43,31,1
43,32,1
43,33,0
43,34,0
43,35,1
43,36,0
43,37,1
43,38,0
43,39,0
43,40,0
43,41,0
43,42,1
43,43,0
43,44,1
43,45,1
43,46,1
43,47,0
43,48,1
43,49,0
43,50,1
43,51,0
43,52,1
43,53,0
43,54,1
43,55,1
43,56,1
43,57,1
43,58,1
43,59,1
43,60,1
43,61,0
43,62,1
43,63,0
43,64,1
43,65,1
43,66,0
43,67,1
43,68,0
43,69,0
43,70,0
43,71,1
43,72,1
43,73,0
43,74,0
43,75,1
43,76,1
43,77,0
43,78,1
43,79,1
43,80,0
43,81,0
43,82,1
43,83,0
43,84,0
43,85,0
43,86,1
43,87,0
43,88,0
43,89,1
43,90,0
43,91,1
43,92,0
43,93,1
43,94,0
43,95,1
43,96,1
43,97,1
43,98,1
43,99,0
44,0,0
44,1,1
44,2,0
44,3,1
44,4,1
44,5,0
44,6,0
44,7,1
44,8,0
44,9,0
44,10,0
44,11,1
44,12,0
44,13,1
44,14,1
44,15,1
44,16,0
44,17,1
44,18,0
44,19,0
44,20,0
44,21,0
44,22,0
44,23,0
44,24,0
44,25,0
44,26,0
44,27,1
44,28,0
44,29,1
44,30,0
44,31,0
44,32,1
44,33,0
44,34,0
44,35,1
44,36,1
44,37,0
44,38,0
44,39,0
44,40,1
44,41,0
44,42,1
44,43,0
44,44,0
44,45,1
44,46,1
44,47,0
44,48,0
44,49,0
44,50,1
44,51,1
44,52,0
44,53,1
44,54,0
44,55,0
44,56,0
44,57,0
44,58,0
44,59,1
44,60,1
44,61,1
44,62,1
44,63,0
44,64,1
44,65,1
44,66,1
44,67,1
44,68,0
44,69,0
44,70,1
44,71,1
44,72,1
44,73,0
44,74,1
44,75,1
44,76,0
44,77,1
44,78,0
44,79,1
44,80,1
44,81,0
44,82,0
44,83,0
44,84,1
44,85,1
44,86,1
44,87,0
44,88,1
44,89,1
44,90,1
44,91,0
44,92,0
44,93,1
44,94,1
44,95,0
44,96,0
44,97,1
44,98,1
44,99,1
45,0,1
45,1,0
45,2,1
45,3,0
45,4,1
45,5,0
45,6,0
45,7,0
45,8,0
45,9,0
45,10,1
45,11,0
45,12,1
45,13,0
45,14,1
45,15,0
45,16,1
45,17,0
45,18,1
45,19,1
45,20,1
45,21,1
45,22,1
45,23,0
45,24,0
45,25,1
45,26,0
45,27,1
45,28,0
45,29,0
45,30,1
45,31,1
45,32,0
45,33,0
45,34,0
45,35,0
45,36,1
45,37,0
45,38,1
45,39,1
45,40,1
45,41,0
45,42,0
45,43,0
45,44,1
45,45,1
45,46,1
45,47,1
45,48,1
45,49,1
45,50,0
45,51,1
45,52,1
45,53,0
45,54,0
45,55,1
45,56,1
45,57,0
45,58,1
45,59,1
45,60,1
45,61,1
45,62,1
45,63,0
45,64,1
45,65,0
45,66,0
45,67,0
45,68,0
45,69,1
45,70,0
45,71,0
45,72,0
45,73,0
45,74,1
45,75,0
45,76,0
45,77,1
45,78,1
45,79,0
45,80,0
45,81,0
45,82,1
45,83,1
45,84,0
45,85,0
45,86,1
45,87,0
45,88,0
45,89,1
45,90,1
45,91,1
45,92,0
45,93,1
45,94,1
45,95,1
45,96,1
45,97,0
45,98,1
45,99,0
46,0,0
46,1,0
46,2,1
46,3,0
46,4,0
46,5,0
46,6,1
46,7,1
46,8,1
46,9,0
46,10,1
46,11,0
46,12,1
46,13,1
46,14,1
46,15,0
46,16,1
46,17,1
46,18,0
46,19,0
46,20,0
46,21,1
46,22,0
46,23,1
46,24,1
46,25,0
46,26,0
46,27,1
46,28,0
46,29,0
46,30,1
46,31,0
46,32,0
46,33,0
46,34,1
46,35,1
46,36,1
46,37,0
46,38,1
46,39,0
46,40,1
46,41,0
46,42,0
46,43,1
46,44,0
46,45,0
46,46,1
46,47,0
46,48,1
46,49,1
46,50,0
46,51,0
46,52,1
46,53,0
46,54,1
46,55,1
46,56,1
46,57,0
46,58,0
46,59,1
46,60,1
46,61,1
46,62,0
46,63,0
46,64,0
46,65,0
46,66,1
46,67,1
46,68,1
46,69,0
46,70,0
46,71,1
46,72,1
46,73,1
46,74,0
46,75,0
46,76,1
46,77,0
46,78,0
46,79,1
46,80,1
46,81,0
46,82,0
46,83,1
46,84,1
46,85,0
46,86,0
46,87,0
46,88,0
46,89,0
46,90,0
46,91,1
46,92,0
46,93,1
46,94,1
46,95,0
46,96,1
46,97,1
46,98,0
46,99,1
47,0,0
47,1,0
47,2,0
47,3,1
47,4,1
47,5,1
47,6,0
47,7,1
47,8,1
47,9,0
47,10,1
47,11,1
47,12,0
47,13,1
47,14,1
47,15,0
47,16,1
47,17,1
47,18,1
47,19,0
47,20,0
47,21,1
47,22,0
47,23,0
47,24,1
47,25,1
47,26,0
47,27,0
47,28,1
47,29,1
47,30,0
47,31,1
47,32,1
47,33,0
47,34,1
47,35,1
47,36,0
47,37,1
47,38,1
47,39,0
47,40,1
47,41,0
47,42,1
47,43,0
47,44,0
47,45,0
47,46,1
47,47,1
47,48,0
47,49,0
47,50,0
47,51,0
47,52,0
47,53,0
47,54,0
47,55,1
47,56,1
47,57,1
47,58,0
47,59,1
47,60,0
47,61,0
47,62,0
47,63,0
47,64,1
47,65,0
47,66,0
47,67,1
47,68,0
47,69,1
47,70,0
47,71,0
47,72,1
47,73,0
47,74,1
47,75,1
47,76,0
47,77,0
47,78,1
47,79,1
47,80,1
47,81,1
47,82,1
47,83,1
47,84,0
47,85,0
47,86,1
47,87,1
47,88,0
47,89,1
47,90,1
47,91,1
47,92,0
47,93,0
47,94,1
47,95,1
47,96,0
47,97,1
47,98,1
47,99,1
48,0,1
48,1,1
48,2,1
48,3,0
48,4,1
48,5,0
48,6,0
48,7,0
48,8,0
48,9,0
48,10,0
48,11,1
48,12,1
48,13,1
48,14,1
48,15,1
48,16,0
48,17,0
48,18,1
48,19,1
48,20,0
48,21,1
48,22,0
48,23,0
48,24,1
48,25,0
48,26,0
48,27,0
48,28,1
48,29,0
48,30,1
48,31,1
48,32,1
48,33,0
48,34,1
48,35,1
48,36,0
48,37,0
48,38,1
48,39,1
48,40,0
48,41,1
48,42,1
48,43,0
48,44,1
48,45,1
48,46,0
48,47,0
48,48,0
48,49,0
48,50,1
48,51,1
48,52,1
48,53,1
48,54,0
48,55,0
48,56,1
48,57,0
48,58,0
48,59,1
48,60,0
48,61,0
48,62,0
48,63,0
48,64,0
48,65,0
48,66,1
48,67,1
48,68,0
48,69,1
48,70,1
48,71,1
48,72,1
48,73,1
48,74,1
48,75,1
48,76,0
48,77,1
48,78,1
48,79,0
48,80,1
48,81,1
48,82,1
48,83,0
48,84,1
48,85,1
48,86,1
48,87,1
48,88,0
48,89,0
48,90,0
48,91,1
48,92,0
48,93,1
48,94,1
48,95,1
48,96,0
48,97,1
48,98,0
48,99,1
49,0,0
49,1,0
49,2,0
49,3,0
49,4,1
49,5,1
49,6,1
49,7,1
49,8,0
49,9,1
49,10,0
49,11,0
49,12,1
49,13,0
49,14,1
49,15,0
49,16,0
49,17,0
49,18,1
49,19,1
49,20,0
49,21,0
49,22,0
49,23,1
49,24,0
49,25,1
49,26,0
49,27,0
49,28,0
49,29,0
49,30,1
49,31,1
49,32,1
49,33,1
49,34,1
49,35,0
49,36,1
49,37,1
49,38,1
49,39,0
49,40,1
49,41,0
49,42,0
49,43,0
49,44,1
49,45,1
49,46,0
49,47,1
49,48,0
49,49,0
49,50,0
49,51,0
49,52,0
49,53,0
49,54,0
49,55,0
49,56,0
49,57,0
49,58,1
49,59,1
49,60,1
49,61,1
49,62,0
49,63,0
49,64,1
49,65,0
49,66,0
49,67,0
49,68,0
49,69,0
49,70,0
49,71,1
49,72,0
49,73,1
49,74,0
49,75,0
49,76,0
49,77,1
49,78,1
49,79,0
49,80,1
49,81,0
49,82,1
49,83,1
49,84,1
49,85,1
49,86,0
49,87,1
49,88,0
49,89,1
49,90,0
49,91,1
49,92,0
49,93,1
49,94,1
49,95,1
49,96,0
49,97,1
49,98,0
49,99,0
50,0,0
50,1,0
50,2,0
50,3,1
50,4,1
50,5,1
50,6,1
50,7,0
50,8,0
50,9,1
50,10,1
50,11,1
50,12,1
50,13,1
50,14,1
50,15,0
50,16,1
50,17,1
50,18,1
50,19,1
50,20,1
50,21,0
50,22,0
50,23,1
50,24,0
50,25,1
50,26,1
50,27,0
50,28,1
50,29,1
50,30,1
50,31,1
50,32,0
50,33,0
50,34,1
50,35,0
50,36,1
50,37,0
50,38,0
50,39,1
50,40,1
50,41,0
50,42,1
50,43,0
50,44,1
50,45,0
50,46,1
50,47,0
50,48,1
50,49,0
50,50,1
50,51,0
50,52,1
50,53,0
50,54,0
50,55,1
50,56,0
50,57,0
50,58,0
50,59,1
50,60,1
50,61,0
50,62,1
50,63,0
50,64,1
50,65,0
50,66,0
50,67,0
50,68,1
50,69,1
50,70,0
50,71,0
50,72,1
50,73,0
50,74,1
50,75,0
50,76,0
50,77,0
50,78,1
50,79,0
50,80,0
50,81,1
50,82,0
50,83,0
50,84,1
50,85,1
50,86,0
50,87,1
50,88,1
50,89,1
50,90,1
50,91,1
50,92,1
50,93,1
50,94,1
50,95,0
50,96,1
50,97,0
50,98,1
50,99,0
51,0,1
51,1,0
51,2,1
51,3,0
51,4,0
51,5,0
51,6,0
51,7,1
51,8,0
51,9,0
51,10,1
51,11,1
51,12,1
51,13,0
51,14,1
51,15,0
51,16,1
51,17,0
51,18,0
51,19,1
51,20,1
51,21,1
51,22,0
51,23,0
51,24,0
51,25,0
51,26,1
51,27,0
51,28,0
51,29,1
51,30,1
51,31,1
51,32,1
51,33,0
51,34,0
51,35,0
51,36,1
51,37,0
51,38,1
51,39,1
51,40,1
51,41,0
51,42,0
51,43,0
51,44,0
51,45,0
51,46,0
51,47,0
51,48,1
51,49,1
51,50,1
51,51,0
51,52,1
51,53,0
51,54,1
51,55,1
51,56,1
51,57,1
51,58,0
51,59,1
51,60,0
51,61,0
51,62,1
51,63,0
51,64,0
51,65,1
51,66,0
51,67,0
51,68,0
51,69,1
51,70,1
51,71,1
51,72,1
51,73,0
51,74,0
51,75,0
51,76,1
51,77,1
51,78,0
51,79,0
51,80,0
51,81,0
51,82,1
51,83,1
51,84,1
51,85,1
51,86,1
51,87,0
51,88,0
51,89,1
51,90,0
51,91,1
51,92,1
51,93,0
51,94,1
51,95,0
51,96,0
51,97,1
51,98,0
51,99,1
52,0,0
52,1,0
52,2,0
52,3,0
52,4,0
52,5,1
52,6,1
52,7,0
52,8,0
52,9,0
52,10,1
52,11,0
52,12,0
52,13,0
52,14,0
52,15,0
52,16,1
52,17,1
52,18,1
52,19,0
52,20,1
52,21,0
52,22,1
52,23,0
52,24,1
52,25,0
52,26,1
52,27,1
52,28,1
52,29,0
52,30,0
52,31,0
52,32,0
52,33,1
52,34,1
52,35,1
52,36,0
52,37,0
52,38,1
52,39,1
52,40,0
52,41,0
52,42,1
52,43,1
52,44,1
52,45,1
52,46,1
52,47,0
52,48,1
52,49,1
52,50,1
52,51,0
52,52,1
52,53,0
52,54,1
52,55,0
52,56,0
52,57,0
52,58,0
52,59,0
52,60,0
52,61,1
52,62,0
52,63,1
52,64,0
52,65,1
52,66,0
52,67,1
52,68,0
52,69,1
52,70,1
52,71,0
52,72,0
52,73,0
52,74,1
52,75,1
52,76,0
52,77,1
52,78,0
52,79,0
52,80,0
52,81,1
52,82,0
52,83,1
52,84,1
52,85,1
52,86,0
52,87,0
52,88,0
52,89,1
52,90,0
52,91,1
52,92,0
52,93,1
52,94,1
52,95,1
52,96,1
52,97,1
52,98,1
52,99,1
53,0,1
53,1,0
53,2,1
53,3,0
53,4,1
53,5,1
53,6,1
53,7,1
53,8,0
53,9,1
53,10,0
53,11,0
53,12,1
53,13,0
53,14,0
53,15,0
53,16,0
53,17,0
53,18,1
53,19,1
53,20,0
53,21,0
53,22,0
53,23,0
53,24,1
53,25,1
53,26,1
53,27,1
53,28,1
53,29,0
53,30,1
53,31,0
53,32,0
53,33,1
53,34,0
53,35,0
53,36,0
53,37,0
53,38,0
53,39,0
53,40,0
53,41,0
53,42,0
53,43,1
53,44,0
53,45,1
53,46,0
53,47,1
53,48,0
53,49,1
53,50,0
53,51,0
53,52,1
53,53,1
53,54,0
53,55,1
53,56,1
53,57,0
53,58,0
53,59,0
53,60,1
53,61,0
53,62,1
53,63,0
53,64,1
53,65,0
53,66,0
53,67,1
53,68,1
53,69,0
53,70,1
53,71,1
53,72,0
53,73,0
53,74,1
53,75,1
53,76,0
53,77,1
53,78,0
53,79,0
53,80,1
53,81,1
53,82,0
53,83,0
53,84,0
53,85,1
53,86,0
53,87,0
53,88,1
53,89,1
53,90,1
53,91,0
53,92,1
53,93,1
53,94,0
53,95,0
53,96,1
53,97,0
53,98,1
53,99,1
54,0,1
54,1,1
54,2,0
54,3,1
54,4,0
54,5,1
54,6,0
54,7,0
54,8,1
54,9,1
54,10,0
54,11,0
54,12,0
54,13,1
54,14,1
54,15,1
54,16,0
54,17,1
54,18,1
54,19,0
54,20,0
54,21,0
54,22,0
54,23,1
54,24,1
54,25,1
54,26,0
54,27,1
54,28,0
54,29,1
54,30,0
54,31,1
54,32,1
54,33,1
54,34,0
54,35,0
54,36,1
54,37,1
54,38,0
54,39,0
54,40,0
54,41,1
54,42,1
54,43,0
54,44,0
54,45,0
54,46,1
54,47,1
54,48,1
54,49,0
54,50,1
54,51,0
54,52,1
54,53,1
54,54,0
54,55,0
54,56,1
54,57,0
54,58,0
54,59,1
54,60,0
54,61,0
54,62,0
54,63,1
54,64,1
54,65,1
54,66,1
54,67,1
54,68,0
54,69,0
54,70,1
54,71,0
54,72,1
54,73,1
54,74,0
54,75,0
54,76,1
54,77,0
54,78,1
54,79,1
54,80,1
54,81,1
54,82,1
54,83,0
54,84,1
54,85,1
54,86,1
54,87,0
54,88,1
54,89,1
54,90,0
54,91,0
54,92,0
54,93,0
54,94,0
54,95,0
54,96,1
54,97,1
54,98,1
54,99,0
55,0,0
55,1,1
55,2,0
55,3,0
55,4,0
55,5,1
55,6,0
55,7,1
55,8,1
55,9,0
55,10,1
55,11,0
55,12,1
55,13,0
55,14,1
55,15,1
55,16,0
55,17,1
55,18,1
55,19,0
55,20,0
55,21,1
55,22,0
55,23,1
55,24,0
55,25,0
55,26,1
55,27,0
55,28,0
55,29,1
55,30,0
55,31,0
55,32,1
55,33,0
55,34,0
55,35,1
55,36,1
55,37,1
55,38,1
55,39,1
55,40,0
55,41,0
55,42,0
55,43,0
55,44,1
55,45,1
55,46,1
55,47,1
55,48,0
55,49,1
55,50,1
55,51,1
55,52,0
55,53,1
55,54,0
55,55,1
55,56,0
55,57,0
55,58,1
55,59,0
55,60,0
55,61,0
55,62,1
55,63,1
55,64,0
55,65,0
55,66,0
55,67,0
55,68,1
55,69,0
55,70,0
55,71,1
55,72,1
55,73,0
55,74,0
55,75,0
55,76,1
55,77,1
55,78,1
55,79,0
55,80,0
55,81,1
55,82,1
55,83,1
55,84,1
55,85,0
55,86,1
55,87,1
55,88,1
55,89,0
55,90,0
55,91,1
55,92,0
55,93,1
55,94,0
55,95,1
55,96,1
55,97,1
55,98,0
55,99,1
56,0,1
56,1,0
56,2,1
56,3,1
56,4,0
56,5,1
56,6,1
56,7,0
56,8,0
56,9,1
56,10,1
56,11,1
56,12,0
56,13,1
56,14,1
56,15,1
56,16,1
56,17,0
56,18,1
56,19,0
56,20,1
56,21,1
56,22,0
56,23,0
56,24,1
56,25,0
56,26,0
56,27,0
56,28,1
56,29,0
56,30,0
56,31,1
56,32,1
56,33,1
56,34,0
56,35,0
56,36,0
56,37,0
56,38,0
56,39,1
56,40,1
56,41,0
56,42,0
56,43,0
56,44,1
56,45,0
56,46,0
56,47,0
56,48,0
56,49,1
56,50,1
56,51,0
56,52,1
56,53,1
56,54,0
56,55,0
56,56,0
56,57,0
56,58,1
56,59,0
56,60,1
56,61,1
56,62,0
56,63,0
56,64,0
56,65,0
56,66,0
56,67,0
56,68,1
56,69,1
56,70,0
56,71,1
56,72,1
56,73,1
56,74,1
56,75,1
56,76,1
56,77,1
56,78,1
56,79,0
56,80,1
56,81,1
56,82,0
56,83,0
56,84,1
56,85,1
56,86,0
56,87,1
56,88,0
56,89,1
56,90,1
56,91,1
56,92,0
56,93,1
56,94,0
56,95,1
56,96,0
56,97,1
56,98,0
56,99,0
57,0,1
57,1,0
57,2,1
57,3,1
57,4,1
57,5,0
57,6,0
57,7,0
57,8,0
57,9,0
57,10,0
57,11,1
57,12,1
57,13,1
57,14,1
57,15,0
57,16,0
57,17,0
57,18,0
57,19,0
57,20,0
57,21,1
57,22,0
57,23,0
57,24,1
57,25,1
57,26,0
57,27,0
57,28,0
57,29,0
57,30,0
57,31,0
57,32,0
57,33,1
57,34,1
57,35,1
57,36,0
57,37,1
57,38,0
57,39,0
57,40,0
57,41,1
57,42,1
57,43,1
57,44,0
57,45,1
57,46,0
57,47,1
57,48,1
57,49,1
57,50,0
57,51,0
57,52,0
57,53,1
57,54,1
57,55,0
57,56,0
57,57,1
57,58,0
57,59,1
57,60,1
57,61,0
57,62,1
57,63,0
57,64,0
57,65,1
57,66,0
57,67,0
57,68,1
57,69,0
57,70,0
57,71,1
57,72,0
57,73,0
57,74,0
57,75,0
57,76,0
57,77,1
57,78,0
57,79,0
57,80,0
57,81,0
57,82,0
57,83,1
57,84,1
57,85,1
57,86,0
57,87,0
57,88,0
57,89,0
57,90,1
57,91,0
57,92,1
57,93,1
57,94,0
57,95,1
57,96,0
57,97,0
57,98,0
57,99,1
58,0,1
58,1,0
58,2,1
58,3,1
58,4,1
58,5,0
58,6,0
58,7,0
58,8,1
58,9,0
58,10,0
58,11,0
58,12,1
58,13,1
58,14,1
58,15,1
58,16,0
58,17,1
58,18,1
58,19,1
58,20,0
58,21,1
58,22,1
58,23,1
58,24,1
58,25,0
58,26,1
58,27,0
58,28,1
58,29,1
58,30,0
58,31,1
58,32,0
58,33,1
58,34,0
58,35,0
58,36,1
58,37,1
58,38,0
58,39,1
58,40,1
58,41,1
58,42,1
58,43,1
58,44,0
58,45,1
58,46,0
58,47,0
58,48,1
58,49,0
58,50,0
58,51,1
58,52,1
58,53,0
58,54,1
58,55,1
58,56,0
58,57,1
58,58,1
58,59,0
58,60,0
58,61,0
58,62,1
58,63,1
58,64,1
58,65,0
58,66,1
58,67,1
58,68,1
58,69,0
58,70,0
58,71,1
58,72,1
58,73,0
58,74,0
58,75,1
58,76,1
58,77,0
58,78,0
58,79,0
58,80,0
58,81,0
58,82,0
58,83,0
58,84,0
58,85,1
58,86,0
58,87,1
58,88,0
58,89,1
58,90,0
58,91,1
58,92,0
58,93,1
58,94,0
58,95,1
58,96,0
58,97,0
58,98,1
58,99,1
59,0,1
59,1,1
59,2,1
59,3,0
59,4,1
59,5,1
59,6,0
59,7,0
59,8,0
59,9,0
59,10,1
59,11,0
59,12,0
59,13,1
59,14,1
59,15,1
59,16,0
59,17,1
59,18,0
59,19,1
59,20,1
59,21,0
59,22,0
59,23,1
59,24,0
59,25,1
59,26,1
59,27,1
59,28,0
59,29,0
59,30,1
59,31,1
59,32,1
59,33,0
59,34,1
59,35,1
59,36,1
59,37,1
59,38,0
59,39,1
59,40,0
59,41,1
59,42,0
59,43,0
59,44,1
59,45,1
59,46,0
59,47,0
59,48,1
59,49,1
59,50,1
59,51,0
59,52,0
59,53,0
59,54,1
59,55,0
59,56,1
59,57,1
59,58,1
59,59,1
59,60,1
59,61,1
59,62,0
59,63,1
59,64,1
59,65,0
59,66,0
59,67,0
59,68,0
59,69,1
59,70,0
59,71,0
59,72,1
59,73,0
59,74,1
59,75,0
59,76,0
59,77,1
59,78,0
59,79,1
59,80,0
59,81,0
59,82,0
59,83,1
59,84,1
59,85,0
59,86,1
59,87,0
59,88,1
59,89,1
59,90,0
59,91,0
59,92,0
59,93,1
59,94,1
59,95,0
59,96,0
59,97,0
59,98,0
59,99,0
60,0,1
60,1,1
60,2,0
60,3,1
60,4,0
60,5,1
60,6,1
60,7,0
60,8,1
60,9,0
60,10,0
60,11,0
60,12,1
60,13,0
60,14,1
60,15,0
60,16,0
60,17,1
60,18,1
60,19,0
60,20,1
60,21,1
60,22,0
60,23,0
60,24,1
60,25,0
60,26,0
60,27,1
60,28,1
60,29,1
60,30,0
60,31,1
60,32,0
60,33,1
60,34,0
60,35,0
60,36,1
60,37,1
60,38,1
60,39,0
60,40,0
60,41,1
60,42,1
60,43,1
60,44,0
60,45,0
60,46,1
60,47,1
60,48,0
60,49,0
60,50,1
60,51,0
60,52,0
60,53,0
60,54,0
60,55,1
60,56,1
60,57,1
60,58,1
60,59,0
60,60,0
60,61,0
60,62,1
60,63,1
60,64,1
60,65,0
60,66,0
60,67,0
60,68,0
60,69,1
60,70,1
60,71,0
60,72,1
60,73,0
60,74,1
60,75,1
60,76,1
60,77,1
60,78,1
60,79,0
60,80,1
60,81,0
60,82,0
60,83,1
60,84,1
60,85,1
60,86,1
60,87,0
60,88,0
60,89,1
60,90,0
60,91,1
60,92,0
60,93,0
60,94,1
60,95,1
60,96,0
60,97,1
60,98,0
60,99,1
61,0,1
61,1,1
61,2,1
61,3,0
61,4,0
61,5,1
61,6,0
61,7,0
61,8,0
61,9,1
61,10,1
61,11,1
61,12,0
61,13,1
61,14,1
61,15,1
61,16,1
61,17,1
61,18,1
61,19,1
61,20,1
61,21,0
61,22,1
61,23,1
61,24,1
61,25,0
61,26,0
61,27,0
61,28,1
61,29,1
61,30,1
61,31,0
61,32,1
61,33,0
61,34,1
61,35,0
61,36,1
61,37,1
61,38,1
61,39,0
61,40,1
61,41,0
61,42,0
61,43,1
61,44,0
61,45,1
61,46,1
61,47,1
61,48,0
61,49,0
61,50,0
61,51,0
61,52,1
61,53,1
61,54,1
61,55,0
61,56,1
61,57,0
61,58,0
61,59,1
61,60,1
61,61,0
61,62,1
61,63,1
61,64,0
61,65,1
61,66,1
61,67,0
61,68,1
61,69,0
61,70,0
61,71,0
61,72,0
61,73,0
61,74,0
61,75,0
61,76,0
61,77,1
61,78,1
61,79,1
61,80,0
61,81,0
61,82,1
61,83,1
61,84,0
61,85,0
61,86,0
61,87,0
61,88,1
61,89,1
61,90,1
61,91,0
61,92,1
61,93,1
61,94,1
61,95,1
61,96,0
61,97,1
61,98,0
61,99,1
62,0,1
62,1,1
62,2,0
62,3,0
62,4,0
62,5,0
62,6,0
62,7,0
62,8,0
62,9,0
62,10,0
62,11,0
62,12,1
62,13,1
62,14,0
62,15,0
62,16,0
62,17,1
62,18,0
62,19,1
62,20,0
62,21,1
62,22,0
62,23,1
62,24,1
62,25,0
62,26,1
62,27,0
62,28,1
62,29,1
62,30,1
62,31,0
62,32,1
62,33,0
62,34,0
62,35,1
62,36,1
62,37,1
62,38,0
62,39,1
62,40,0
62,41,0
62,42,0
62,43,0
62,44,0
62,45,1
62,46,0
62,47,1
62,48,0
62,49,0
62,50,0
62,51,0
62,52,0
62,53,1
62,54,1
62,55,0
62,56,1
62,57,1
62,58,0
62,59,0
62,60,1
62,61,1
62,62,1
62,63,0
62,64,0
62,65,0
62,66,0
62,67,1
62,68,0
62,69,0
62,70,0
62,71,1
62,72,1
62,73,1
62,74,1
62,75,1
62,76,0
62,77,1
62,78,0
62,79,0
62,80,0
62,81,1
62,82,0
62,83,1
62,84,1
62,85,0
62,86,1
62,87,0
62,88,0
62,89,1
62,90,1
62,91,1
62,92,1
62,93,0
62,94,1
62,95,1
62,96,1
62,97,0
62,98,0
62,99,1
63,0,0
63,1,1
63,2,0
63,3,1
63,4,0
63,5,1
63,6,1
63,7,1
63,8,1
63,9,0
63,10,1
63,11,0
63,12,0
63,13,0
63,14,1
63,15,1
63,16,1
63,17,1
63,18,1
63,19,1
63,20,0
63,21,1
63,22,0
63,23,0
63,24,1
63,25,0
63,26,0
63,27,0
63,28,0
63,29,1
63,30,0
63,31,1
63,32,0
63,33,0
63,34,0
63,35,1
63,36,0
63,37,0
63,38,1
63,39,0
63,40,1
63,41,0
63,42,0
63,43,1
63,44,1
63,45,0
63,46,0
63,47,0
63,48,1
63,49,0
63,50,1
63,51,0
63,52,1
63,53,0
63,54,1
63,55,1
63,56,0
63,57,1
63,58,0
63,59,1
63,60,0
63,61,1
63,62,0
63,63,1
63,64,1
63,65,1
63,66,1
63,67,0
63,68,0
63,69,0
63,70,0
63,71,1
63,72,1
63,73,1
63,74,0
63,75,0
63,76,1
63,77,1
63,78,0
63,79,1
63,80,0
63,81,0
63,82,0
63,83,0
63,84,0
63,85,1
63,86,0
63,87,1
63,88,0
63,89,1
63,90,0
63,91,1
63,92,0
63,93,1
63,94,0
63,95,0
63,96,0
63,97,0
63,98,0
63,99,0
64,0,0
64,1,1
64,2,1
64,3,1
64,4,1
64,5,0
64,6,0
64,7,0
64,8,0
64,9,0
64,10,0
64,11,1
64,12,1
64,13,0
64,14,1
64,15,1
64,16,1
64,17,1
64,18,1
64,19,0
64,20,1
64,21,0
64,22,1
64,23,1
64,24,1
64,25,0
64,26,1
64,27,0
64,28,0
64,29,0
64,30,1
64,31,1
64,32,0
64,33,1
64,34,1
64,35,1
64,36,1
64,37,1
64,38,0
64,39,0
64,40,0
64,41,0
64,42,1
64,43,1
64,44,1
64,45,0
64,46,1
64,47,0
64,48,0
64,49,1
64,50,1
64,51,1
64,52,1
64,53,1
64,54,1
64,55,1
64,56,0
64,57,1
64,58,1
64,59,1
64,60,1
64,61,0
64,62,0
64,63,0
64,64,1
64,65,0
64,66,1
64,67,1
64,68,0
64,69,1
64,70,1
64,71,0
64,72,1
64,73,0
64,74,0
64,75,0
64,76,1
64,77,1
64,78,1
64,79,0
64,80,0
64,81,1
64,82,0
64,83,0
64,84,0
64,85,1
64,86,1
64,87,0
64,88,1
64,89,0
64,90,1
64,91,1
64,92,1
64,93,0
64,94,1
64,95,0
64,96,1
64,97,0
64,98,1
64,99,1
65,0,1
65,1,1
65,2,1
65,3,1
65,4,1
65,5,1
65,6,0
65,7,1
65,8,1
65,9,0
65,10,1
65,11,0
65,12,1
65,13,0
65,14,1
65,15,0
65,16,1
65,17,0
65,18,1
65,19,1
65,20,1
65,21,1
65,22,0
65,23,0
65,24,0
65,25,1
65,26,1
65,27,1
65,28,1
65,29,1
65,30,0
65,31,1
65,32,0
65,33,1
65,34,1
65,35,0
65,36,1
65,37,0
65,38,0
65,39,1
65,40,0
65,41,1
65,42,0
65,43,0
65,44,0
65,45,1
65,46,1
65,47,0
65,48,0
65,49,1
65,50,1
65,51,1
65,52,0
65,53,1
65,54,0
65,55,0
65,56,0
65,57,1
65,58,1
65,59,1
65,60,1
65,61,0
65,62,1
65,63,1
65,64,1
65,65,1
65,66,0
65,67,1
65,68,1
65,69,0
65,70,1
65,71,0
65,72,0
65,73,0
65,74,1
65,75,0
65,76,1
65,77,0
65,78,0
65,79,1
65,80,1
65,81,1
65,82,1
65,83,0
65,84,0
65,85,0
65,86,0
65,87,0
65,88,1
65,89,0
65,90,0
65,91,0
65,92,0
65,93,0
65,94,0
65,95,0
65,96,1
65,97,0
65,98,0
65,99,0
66,0,1
66,1,0
66,2,0
66,3,1
66,4,0
66,5,1
66,6,1
66,7,1
66,8,0
66,9,0
66,10,1
66,11,1
66,12,1
66,13,1
66,14,0
66,15,1
66,16,1
66,17,1
66,18,0
66,19,1
66,20,1
66,21,1
66,22,0
66,23,0
66,24,1
66,25,0
66,26,1
66,27,0
66,28,1
66,29,0
66,30,0
66,31,0
66,32,0
66,33,1
66,34,1
66,35,0
66,36,1
66,37,1
66,38,1
66,39,1
66,40,1
66,41,1
66,42,1
66,43,1
66,44,1
66,45,1
66,46,1
66,47,0
66,48,0
66,49,1
66,50,1
66,51,0
66,52,0
66,53,0
66,54,1
66,55,0
66,56,1
66,57,1
66,58,0
66,59,0
66,60,1
66,61,1
66,62,1
66,63,1
66,64,1
66,65,1
66,66,1
66,67,0
66,68,0
66,69,1
66,70,1
66,71,0
66,72,1
66,73,1
66,74,1
66,75,0
66,76,0
66,77,0
66,78,0
66,79,1
66,80,0
66,81,0
66,82,0
66,83,1
66,84,1
66,85,0
66,86,1
66,87,0
66,88,1
66,89,1
66,90,0
66,91,0
66,92,1
66,93,0
66,94,0
66,95,0
66,96,1
66,97,1
66,98,0
66,99,0
67,0,1
67,1,0
67,2,0
67,3,0
67,4,1
67,5,0
67,6,0
67,7,0
67,8,0
67,9,1
67,10,0
67,11,1
67,12,0
67,13,1
67,14,0
67,15,1
67,16,1
67,17,1
67,18,0
67,19,0
67,20,1
67,21,1
67,22,1
67,23,1
67,24,1
67,25,1
67,26,1
67,27,0
67,28,0
67,29,0
67,30,1
67,31,0
67,32,1
67,33,0
67,34,0
67,35,1
67,36,0
67,37,1
67,38,0
67,39,1
67,40,1
67,41,0
67,42,0
67,43,0
67,44,0
67,45,1
67,46,0
67,47,1
67,48,1
67,49,0
67,50,1
67,51,0
67,52,1
67,53,0
67,54,0
67,55,1
67,56,1
67,57,0
67,58,0
67,59,0
67,60,1
67,61,1
67,62,0
67,63,0
67,64,1
67,65,1
67,66,0
67,67,0
67,68,0
67,69,0
67,70,1
67,71,0
67,72,1
67,73,0
67,74,0
67,75,1
67,76,1
67,77,1
67,78,0
67,79,0
67,80,1
67,81,0
67,82,1
67,83,1
67,84,1
67,85,0
67,86,0
67,87,0
67,88,0
67,89,1
67,90,1
67,91,1
67,92,0
67,93,1
67,94,1
67,95,0
67,96,1
67,97,1
67,98,0
67,99,1
68,0,0
68,1,0
68,2,0
68,3,0
68,4,0
68,5,1
68,6,1
68,7,0
68,8,0
68,9,0
68,10,1
68,11,0
68,12,0
68,13,1
68,14,0
68,15,0
68,16,1
68,17,1
68,18,0
68,19,1
68,20,0
68,21,0
68,22,0
68,23,0
68,24,0
68,25,0
68,26,1
68,27,1
68,28,0
68,29,1
68,30,1
68,31,0
68,32,1
68,33,1
68,34,0
68,35,0
68,36,0
68,37,0
68,38,0
68,39,1
68,40,0
68,41,0
68,42,0
68,43,1
68,44,1
68,45,0
68,46,1
68,47,0
68,48,0
68,49,0
68,50,0
68,51,0
68,52,0
68,53,0
68,54,1
68,55,0
68,56,0
68,57,0
68,58,1
68,59,1
68,60,0
68,61,0
68,62,1
68,63,1
68,64,0
68,65,0
68,66,1
68,67,1
68,68,0
68,69,0
68,70,0
68,71,1
68,72,0
68,73,1
68,74,0
68,75,0
68,76,0
68,77,0
68,78,0
68,79,0
68,80,0
68,81,0
68,82,1
68,83,1
68,84,1
68,85,1
68,86,1
68,87,0
68,88,0
68,89,1
68,90,1
68,91,0
68,92,0
68,93,1
68,94,0
68,95,0
68,96,1
68,97,1
68,98,1
68,99,1
69,0,0
69,1,0
69,2,0
69,3,1
69,4,1
69,5,1
69,6,1
69,7,0
69,8,1
69,9,1
69,10,0
69,11,1
69,12,0
69,13,1
69,14,0
69,15,1
69,16,1
69,17,0
69,18,0
69,19,1
69,20,0
69,21,1
69,22,1
69,23,0
69,24,0
69,25,1
69,26,0
69,27,0
69,28,1
69,29,0
69,30,1
69,31,1
69,32,1
69,33,0
69,34,0
69,35,1
69,36,0
69,37,1
69,38,1
69,39,1
69,40,1
69,41,0
69,42,1
69,43,0
69,44,0
69,45,0
69,46,0
69,47,1
69,48,1
69,49,0
69,50,0
69,51,1
69,52,0
69,53,1
69,54,1
69,55,1
69,56,1
69,57,0
69,58,1
69,59,0
69,60,1
69,61,1
69,62,0
69,63,0
69,64,1
69,65,1
69,66,0
69,67,0
69,68,1
69,69,0
69,70,1
69,71,0
69,72,0
69,73,1
69,74,1
69,75,0
69,76,0
69,77,1
69,78,0
69,79,1
69,80,1
69,81,0
69,82,0
69,83,1
69,84,0
69,85,1
69,86,0
69,87,1
69,88,0
69,89,0
69,90,0
69,91,1
69,92,1
69,93,1
69,94,0
69,95,1
69,96,0
69,97,0
69,98,1
69,99,0
70,0,0
70,1,1
70,2,1
70,3,1
70,4,0
70,5,0
70,6,1
70,7,0
70,8,1
70,9,1
70,10,0
70,11,0
70,12,0
70,13,0
70,14,0
70,15,0
70,16,0
70,17,1
70,18,0
70,19,0
70,20,1
70,21,1
70,22,1
70,23,0
70,24,0
70,25,1
70,26,1
70,27,1
70,28,0
70,29,1
70,30,0
70,31,1
70,32,0
70,33,1
70,34,0
70,35,1
70,36,1
70,37,0
70,38,0
70,39,0
70,40,0
70,41,0
70,42,1
70,43,0
70,44,1
70,45,1
70,46,1
70,47,1
70,48,1
70,49,0
70,50,1
70,51,0
70,52,0
70,53,0
70,54,1
70,55,1
70,56,0
70,57,1
70,58,1
70,59,0
70,60,0
70,61,1
70,62,1
70,63,1
70,64,0
70,65,0
70,66,1
70,67,1
70,68,0
70,69,1
70,70,1
70,71,1
70,72,0
70,73,0
70,74,1
70,75,1
70,76,0
70,77,1
70,78,0
70,79,1
70,80,0
70,81,1
70,82,1
70,83,0
70,84,0
70,85,1
70,86,1
70,87,0
70,88,0
70,89,1
70,90,1
70,91,1
70,92,0
70,93,1
70,94,0
70,95,0
70,96,1
70,97,1
70,98,1
70,99,0
71,0,1
71,1,1
71,2,1
71,3,1
71,4,0
71,5,1
71,6,1
71,7,0
71,8,1
71,9,1
71,10,0
71,11,1
71,12,1
71,13,0
71,14,0
71,15,0
71,16,1
71,17,0
71,18,1
71,19,1
71,20,1
71,21,0
71,22,1
71,23,1
71,24,0
71,25,1
71,26,0
71,27,1
71,28,1
71,29,1
71,30,0
71,31,0
71,32,1
71,33,1
71,34,0
71,35,1
71,36,0
71,37,1
71,38,0
71,39,0
71,40,1
71,41,0
71,42,1
71,43,1
71,44,1
71,45,1
71,46,1
71,47,0
71,48,1
71,49,0
71,50,0
71,51,1
71,52,0
71,53,1
71,54,0
71,55,0
71,56,1
71,57,0
71,58,0
71,59,0
71,60,0
71,61,0
71,62,0
71,63,0
71,64,0
71,65,1
71,66,0
71,67,1
71,68,0
71,69,0
71,70,1
71,71,1
71,72,1
71,73,0
71,74,0
71,75,1
71,76,0
71,77,1
71,78,1
71,79,0
71,80,0
71,81,0
71,82,1
71,83,1
71,84,0
71,85,0
71,86,0
71,87,1
71,88,1
71,89,0
71,90,0
71,91,0
71,92,1
71,93,0
71,94,0
71,95,1
71,96,0
71,97,0
71,98,1
71,99,0
72,0,1
72,1,0
72,2,0
72,3,1
72,4,1
72,5,0
72,6,0
72,7,0
72,8,0
72,9,0
72,10,0
72,11,0
72,12,0
72,13,0
72,14,0
72,15,1
72,16,1
72,17,0
72,18,0
72,19,1
72,20,0
72,21,0
72,22,1
72,23,0
72,24,1
72,25,1
72,26,0
72,27,1
72,28,0
72,29,1
72,30,0
72,31,1
72,32,1
72,33,0
72,34,1
72,35,1
72,36,1
72,37,0
72,38,1
72,39,1
72,40,0
72,41,0
72,42,0
72,43,1
72,44,0
72,45,0
72,46,0
72,47,0
72,48,0
72,49,1
72,50,1
72,51,1
72,52,1
72,53,0
72,54,1
72,55,1
72,56,0
72,57,1
72,58,1
72,59,0
72,60,1
72,61,1
72,62,0
72,63,1
72,64,1
72,65,0
72,66,0
72,67,0
72,68,0
72,69,1
72,70,0
72,71,0
72,72,1
72,73,1
72,74,0
72,75,0
72,76,0
72,77,0
72,78,1
72,79,0
72,80,0
72,81,0
72,82,0
72,83,0
72,84,1
72,85,0
72,86,1
72,87,1
72,88,0
72,89,1
72,90,0
72,91,1
72,92,1
72,93,1
72,94,0
72,95,0
72,96,1
72,97,0
72,98,1
72,99,1
73,0,0
73,1,0
73,2,0
73,3,0
73,4,0
73,5,0
73,6,1
73,7,0
73,8,1
73,9,0
73,10,1
73,11,1
73,12,1
73,13,1
73,14,1
73,15,0
73,16,0
73,17,1
73,18,1
73,19,0
73,20,0
73,21,0
73,22,0
73,23,1
73,24,1
73,25,0
73,26,0
73,27,0
73,28,1
73,29,0
73,30,0
73,31,0
73,32,1
73,33,1
73,34,0
73,35,1
73,36,1
73,37,0
73,38,1
73,39,1
73,40,0
73,41,0
73,42,1
73,43,1
73,44,0
73,45,1
73,46,1
73,47,0
73,48,0
73,49,1
73,50,1
73,51,1
73,52,0
73,53,1
73,54,1
73,55,1
73,56,0
73,57,0
73,58,0
73,59,0
73,60,1
73,61,1
73,62,0
73,63,0
73,64,0
73,65,1
73,66,0
73,67,0
73,68,0
73,69,0
73,70,1
73,71,0
73,72,0
73,73,1
73,74,0
73,75,1
73,76,0
73,77,0
73,78,0
73,79,0
73,80,1
73,81,1
73,82,0
73,83,0
73,84,1
73,85,0
73,86,1
73,87,1
73,88,0
73,89,0
73,90,0
73,91,1
73,92,1
73,93,1
73,94,0
73,95,0
73,96,0
73,97,0
73,98,0
73,99,1
74,0,0
74,1,0
74,2,1
74,3,1
74,4,1
74,5,1
74,6,1
74,7,1
74,8,1
74,9,1
74,10,0
74,11,1
74,12,1
74,13,1
74,14,1
74,15,0
74,16,1
74,17,1
74,18,1
74,19,1
74,20,0
74,21,1
74,22,1
74,23,0
74,24,0
74,25,1
74,26,0
74,27,1
74,28,0
74,29,1
74,30,0
74,31,0
74,32,1
74,33,0
74,34,0
74,35,1
74,36,0
74,37,1
74,38,0
74,39,1
74,40,1
74,41,1
74,42,1
74,43,0
74,44,0
74,45,1
74,46,0
74,47,1
74,48,1
74,49,0
74,50,0
74,51,1
74,52,0
74,53,0
74,54,1
74,55,1
74,56,1
74,57,0
74,58,1
74,59,0
74,60,1
74,61,1
74,62,1
74,63,1
74,64,0
74,65,1
74,66,0
74,67,0
74,68,1
74,69,0
74,70,0
74,71,0
74,72,0
74,73,0
74,74,0
74,75,0
74,76,1
74,77,0
74,78,1
74,79,0
74,80,0
74,81,0
74,82,0
74,83,1
74,84,0
74,85,0
74,86,0
74,87,0
74,88,0
74,89,1
74,90,1
74,91,0
74,92,1
74,93,0
74,94,0
74,95,1
74,96,1
74,97,0
74,98,0
74,99,1
75,0,1
75,1,0
75,2,1
75,3,1
75,4,0
75,5,1
75,6,1
75,7,0
75,8,0
75,9,1
75,10,1
75,11,1
75,12,0
75,13,1
75,14,0
75,15,1
75,16,0
75,17,0
75,18,0
75,19,0
75,20,1
75,21,1
75,22,1
75,23,0
75,24,1
75,25,1
75,26,0
75,27,1
75,28,0
75,29,0
75,30,0
75,31,1
75,32,0
75,33,1
75,34,0
75,35,1
75,36,1
75,37,0
75,38,0
75,39,1
75,40,0
75,41,1
75,42,1
75,43,1
75,44,1
75,45,1
75,46,0
75,47,1
75,48,0
75,49,1
75,50,0
75,51,1
75,52,0
75,53,0
75,54,0
75,55,0
75,56,1
75,57,0
75,58,1
75,59,1
75,60,0
75,61,1
75,62,1
75,63,1
75,64,1
75,65,0
75,66,1
75,67,1
75,68,1
75,69,1
75,70,1
75,71,1
75,72,1
75,73,0
75,74,0
75,75,0
75,76,0
75,77,1
75,78,0
75,79,0
75,80,0
75,81,0
75,82,1
75,83,1
75,84,0
75,85,0
75,86,1
75,87,0
75,88,0
75,89,0
75,90,0
75,91,1
75,92,0
75,93,1
75,94,1
75,95,0
75,96,1
75,97,1
75,98,0
75,99,0
76,0,0
76,1,1
76,2,0
76,3,0
76,4,1
76,5,1
76,6,1
76,7,1
76,8,0
76,9,1
76,10,1
76,11,1
76,12,1
76,13,1
76,14,0
76,15,0
76,16,0
76,17,0
76,18,0
76,19,0
76,20,1
76,21,1
76,22,0
76,23,0
76,24,0
76,25,0
76,26,0
76,27,0
76,28,1
76,29,0
76,30,1
76,31,0
76,32,0
76,33,1
76,34,0
76,35,1
76,36,1
76,37,0
76,38,1
76,39,1
76,40,1
76,41,1
76,42,1
76,43,1
76,44,0
76,45,1
76,46,1
76,47,0
76,48,0
76,49,0
76,50,1
76,51,1
76,52,1
76,53,0
76,54,1
76,55,0
76,56,1
76,57,1
76,58,1
76,59,0
76,60,0
76,61,0
76,62,0
76,63,0
76,64,0
76,65,1
76,66,0
76,67,1
76,68,0
76,69,1
76,70,1
76,71,1
76,72,1
76,73,0
76,74,1
76,75,0
76,76,0
76,77,0
76,78,1
76,79,0
76,80,1
76,81,1
76,82,1
76,83,1
76,84,1
76,85,0
76,86,0
76,87,0
76,88,0
76,89,1
76,90,1
76,91,1
76,92,0
76,93,0
76,94,1
76,95,0
76,96,0
76,97,0
76,98,0
76,99,0
77,0,0
77,1,1
77,2,1
77,3,1
77,4,1
77,5,0
77,6,1
77,7,0
77,8,1
77,9,0
77,10,0
77,11,1
77,12,1
77,13,0
77,14,1
77,15,1
77,16,0
77,17,1
77,18,1
77,19,1
77,20,1
77,21,1
77,22,0
77,23,1
77,24,1
77,25,0
77,26,0
77,27,1
77,28,0
77,29,0
77,30,1
77,31,0
77,32,0
77,33,1
77,34,0
77,35,0
77,36,1
77,37,1
77,38,0
77,39,1
77,40,1
77,41,1
77,42,1
77,43,1
77,44,1
77,45,0
77,46,0
77,47,0
77,48,1
77,49,0
77,50,1
77,51,0
77,52,1
77,53,1
77,54,0
77,55,0
77,56,0
77,57,0
77,58,0
77,59,1
77,60,1
77,61,1
77,62,1
77,63,1
77,64,1
77,65,0
77,66,1
77,67,0
77,68,1
77,69,1
77,70,0
77,71,1
77,72,0
77,73,1
77,74,0
77,75,0
77,76,1
77,77,0
77,78,0
77,79,1
77,80,1
77,81,1
77,82,0
77,83,0
77,84,1
77,85,0
77,86,1
77,87,0
77,88,1
77,89,1
77,90,1
77,91,1
77,92,1
77,93,1
77,94,0
77,95,0
77,96,1
77,97,1
77,98,1
77,99,0
78,0,1
78,1,1
78,2,1
78,3,0
78,4,1
78,5,0
78,6,0
78,7,1
78,8,1
78,9,1
78,10,1
78,11,0
78,12,1
78,13,1
78,14,1
78,15,1
78,16,0
78,17,0
78,18,1
78,19,0
78,20,0
78,21,0
78,22,1
78,23,1
78,24,1
78,25,1
78,26,1
78,27,0
78,28,1
78,29,1
78,30,1
78,31,1
78,32,1
78,33,0
78,34,1
78,35,0
78,36,1
78,37,0
78,38,0
78,39,0
78,40,1
78,41,1
78,42,1
78,43,1
78,44,0
78,45,0
78,46,0
78,47,1
78,48,1
78,49,1
78,50,1
78,51,1
78,52,1
78,53,0
78,54,1
78,55,1
78,56,0
78,57,0
78,58,1
78,59,0
78,60,0
78,61,0
78,62,1
78,63,1
78,64,1
78,65,0
78,66,0
78,67,1
78,68,1
78,69,0
78,70,0
78,71,1
78,72,1
78,73,1
78,74,0
78,75,0
78,76,0
78,77,0
78,78,0
78,79,1
78,80,1
78,81,1
78,82,1
78,83,1
78,84,0
78,85,0
78,86,0
78,87,0
78,88,1
78,89,0
78,90,1
78,91,1
78,92,1
78,93,0
78,94,0
78,95,1
78,96,1
78,97,1
78,98,0
78,99,0
79,0,1
79,1,1
79,2,1
79,3,1
79,4,0
79,5,1
79,6,0
79,7,1
79,8,0
79,9,0
79,10,0
79,11,0
79,12,0
79,13,1
79,14,1
79,15,0
79,16,1
79,17,0
79,18,1
79,19,0
79,20,1
79,21,0
79,22,0
79,23,1
79,24,0
79,25,0
79,26,0
79,27,1
79,28,0
79,29,1
79,30,0
79,31,1
79,32,0
79,33,1
79,34,1
79,35,1
79,36,1
79,37,0
79,38,0
79,39,1
79,40,0
79,41,1
79,42,1
79,43,0
79,44,1
79,45,1
79,46,1
79,47,0
79,48,0
79,49,0
79,50,1
79,51,1
79,52,1
79,53,1
79,54,0
79,55,1
79,56,0
79,57,1
79,58,1
79,59,0
79,60,1
79,61,1
79,62,0
79,63,0
79,64,1
79,65,0
79,66,0
79,67,0
79,68,0
79,69,0
79,70,0
79,71,1
79,72,0
79,73,1
79,74,1
79,75,1
79,76,0
79,77,1
79,78,0
79,79,0
79,80,1
79,81,0
79,82,0
79,83,1
79,84,0
79,85,1
79,86,1
79,87,0
79,88,1
79,89,0
79,90,1
79,91,0
79,92,0
79,93,0
79,94,1
79,95,1
79,96,0
79,97,1
79,98,0
79,99,1
80,0,0
80,1,0
80,2,0
80,3,0
80,4,0
80,5,0
80,6,1
80,7,1
80,8,1
80,9,0
80,10,0
80,11,1
80,12,0
80,13,0
80,14,0
80,15,0
80,16,1
80,17,1
80,18,1
80,19,1
80,20,0
80,21,1
80,22,1
80,23,0
80,24,1
80,25,0
80,26,0
80,27,0
80,28,0
80,29,1
80,30,0
80,31,0
80,32,1
80,33,0
80,34,0
80,35,1
80,36,0
80,37,0
80,38,0
80,39,1
80,40,0
80,41,0
80,42,0
80,43,1
80,44,1
80,45,1
80,46,1
80,47,1
80,48,0
80,49,1
80,50,0
80,51,0
80,52,0
80,53,0
80,54,1
80,55,0
80,56,1
80,57,0
80,58,0
80,59,1
80,60,1
80,61,0
80,62,0
80,63,0
80,64,1
80,65,0
80,66,0
80,67,1
80,68,1
80,69,1
80,70,1
80,71,0
80,72,0
80,73,0
80,74,1
80,75,1
80,76,1
80,77,1
80,78,1
80,79,1
80,80,0
80,81,1
80,82,0
80,83,0
80,84,0
80,85,0
80,86,0
80,87,1
80,88,0
80,89,1
80,90,1
80,91,1
80,92,0
80,93,1
80,94,0
80,95,1
80,96,0
80,97,1
80,98,1
80,99,1
81,0,0
81,1,0
81,2,0
81,3,0
81,4,1
81,5,1
81,6,0
81,7,0
81,8,1
81,9,1
81,10,0
81,11,1
81,12,1
81,13,1
81,14,0
81,15,1
81,16,1
81,17,1
81,18,1
81,19,0
81,20,0
81,21,0
81,22,0
81,23,1
81,24,1
81,25,0
81,26,0
81,27,1
81,28,0
81,29,0
81,30,1
81,31,0
81,32,1
81,33,1
81,34,1
81,35,0
81,36,1
81,37,0
81,38,0
81,39,0
81,40,1
81,41,1
81,42,0
81,43,1
81,44,0
81,45,0
81,46,1
81,47,0
81,48,1
81,49,0
81,50,0
81,51,0
81,52,0
81,53,0
81,54,1
81,55,0
81,56,1
81,57,0
81,58,1
81,59,1
81,60,0
81,61,0
81,62,0
81,63,1
81,64,0
81,65,0
81,66,0
81,67,1
81,68,0
81,69,1
81,70,1
81,71,0
81,72,0
81,73,0
81,74,1
81,75,1
81,76,0
81,77,0
81,78,1
81,79,1
81,80,1
81,81,0
81,82,0
81,83,1
81,84,0
81,85,1
81,86,1
81,87,0
81,88,0
81,89,1
81,90,0
81,91,0
81,92,0
81,93,0
81,94,0
81,95,0
81,96,0
81,97,0
81,98,1
81,99,0
82,0,1
82,1,1
82,2,1
82,3,0
82,4,1
82,5,0
82,6,1
82,7,0
82,8,1
82,9,1
82,10,0
82,11,1
82,12,1
82,13,0
82,14,0
82,15,0
82,16,0
82,17,0
82,18,1
82,19,0
82,20,0
82,21,1
82,22,0
82,23,0
82,24,1
82,25,1
82,26,1
82,27,0
82,28,1
82,29,1
82,30,1
82,31,1
82,32,0
82,33,0
82,34,0
82,35,0
82,36,0
82,37,0
82,38,1
82,39,0
82,40,1
82,41,1
82,42,1
82,43,1
82,44,1
82,45,0
82,46,0
82,47,1
82,48,1
82,49,1
82,50,0
82,51,0
82,52,1
82,53,0
82,54,0
82,55,1
82,56,0
82,57,1
82,58,1
82,59,0
82,60,0
82,61,0
82,62,1
82,63,1
82,64,0
82,65,0
82,66,0
82,67,1
82,68,0
82,69,1
82,70,0
82,71,1
82,72,1
82,73,1
82,74,1
82,75,1
82,76,0
82,77,0
82,78,1
82,79,0
82,80,1
82,81,1
82,82,0
82,83,1
82,84,0
82,85,1
82,86,0
82,87,0
82,88,0
82,89,1
82,90,0
82,91,1
82,92,1
82,93,0
82,94,1
82,95,0
82,96,0
82,97,1
82,98,1
82,99,0
83,0,1
83,1,0
83,2,0
83,3,1
83,4,0
83,5,0
83,6,0
83,7,0
83,8,0
83,9,1
83,10,1
83,11,0
83,12,0
83,13,1
83,14,1
83,15,1
83,16,0
83,17,1
83,18,1
83,19,1
83,20,1
83,21,1
83,22,1
83,23,0
83,24,1
83,25,0
83,26,1
83,27,0
83,28,0
83,29,1
83,30,0
83,31,0
83,32,1
83,33,1
83,34,1
83,35,1
83,36,1
83,37,1
83,38,0
83,39,1
83,40,1
83,41,1
83,42,1
83,43,0
83,44,1
83,45,1
83,46,1
83,47,0
83,48,0
83,49,0
83,50,0
83,51,1
83,52,0
83,53,1
83,54,0
83,55,0
83,56,0
83,57,0
83,58,0
83,59,0
83,60,1
83,61,1
83,62,1
83,63,1
83,64,0
83,65,0
83,66,0
83,67,0
83,68,0
83,69,1
83,70,1
83,71,1
83,72,0
83,73,1
83,74,1
83,75,0
83,76,0
83,77,1
83,78,1
83,79,1
83,80,1
83,81,1
83,82,1
83,83,0
83,84,1
83,85,0
83,86,0
83,87,1
83,88,0
83,89,0
83,90,0
83,91,0
83,92,0
83,93,1
83,94,1
83,95,0
83,96,0
83,97,1
83,98,0
83,99,0
84,0,1
84,1,0
84,2,0
84,3,1
84,4,0
84,5,0
84,6,0
84,7,0
84,8,1
84,9,1
84,10,0
84,11,1
84,12,0
84,13,0
84,14,1
84,15,0
84,16,0
84,17,0
84,18,1
84,19,1
84,20,0
84,21,0
84,22,1
84,23,0
84,24,1
84,25,0
84,26,1
84,27,0
84,28,0
84,29,0
84,30,0
84,31,1
84,32,0
84,33,1
84,34,1
84,35,0
84,36,1
84,37,0
84,38,1
84,39,0
84,40,1
84,41,0
84,42,0
84,43,0
84,44,0
84,45,1
84,46,0
84,47,1
84,48,0
84,49,0
84,50,0
84,51,0
84,52,0
84,53,1
84,54,1
84,55,0
84,56,1
84,57,1
84,58,0
84,59,0
84,60,1
84,61,1
84,62,1
84,63,0
84,64,0
84,65,1
84,66,1
84,67,1
84,68,1
84,69,1
84,70,0
84,71,1
84,72,1
84,73,1
84,74,1
84,75,0
84,76,0
84,77,1
84,78,1
84,79,1
84,80,0
84,81,1
84,82,0
84,83,0
84,84,0
84,85,1
84,86,0
84,87,0
84,88,1
84,89,0
84,90,1
84,91,1
84,92,0
84,93,1
84,94,0
84,95,0
84,96,0
84,97,1
84,98,0
84,99,1
85,0,1
85,1,1
85,2,0
85,3,1
85,4,0
85,5,0
85,6,1
85,7,1
85,8,0
85,9,1
85,10,0
85,11,0
85,12,0
85,13,0
85,14,0
85,15,1
85,16,0
85,17,1
85,18,0
85,19,1
85,20,0
85,21,1
85,22,1
85,23,0
85,24,0
85,25,1
85,26,1
85,27,1
85,28,0
85,29,1
85,30,1
85,31,0
85,32,1
85,33,0
85,34,1
85,35,1
85,36,0
85,37,0
85,38,0
85,39,1
85,40,1
85,41,1
85,42,1
85,43,0
85,44,1
85,45,0
85,46,0
85,47,0
85,48,1
85,49,0
85,50,1
85,51,1
85,52,0
85,53,1
85,54,0
85,55,1
85,56,0
85,57,1
85,58,0
85,59,1
85,60,1
85,61,1
85,62,1
85,63,0
85,64,1
85,65,0
85,66,1
85,67,0
85,68,1
85,69,0
85,70,1
85,71,1
85,72,0
85,73,0
85,74,1
85,75,1
85,76,1
85,77,1
85,78,1
85,79,0
85,80,0
85,81,1
85,82,0
85,83,1
85,84,1
85,85,0
85,86,0
85,87,1
85,88,0
85,89,1
85,90,1
85,91,1
85,92,0
85,93,1
85,94,1
85,95,0
85,96,1
85,97,1
85,98,0
85,99,1
86,0,0
86,1,0
86,2,0
86,3,0
86,4,0
86,5,1
86,6,0
86,7,0
86,8,1
86,9,0
86,10,0
86,11,0
86,12,0
86,13,1
86,14,0
86,15,1
86,16,0
86,17,0
86,18,1
86,19,0
86,20,0
86,21,1
86,22,0
86,23,0
86,24,0
86,25,0
86,26,1
86,27,0
86,28,0
86,29,0
86,30,1
86,31,0
86,32,0
86,33,1
86,34,1
86,35,1
86,36,1
86,37,0
86,38,1
86,39,1
86,40,1
86,41,0
86,42,0
86,43,0
86,44,1
86,45,0
86,46,0
86,47,1
86,48,1
86,49,1
86,50,0
86,51,1
86,52,1
86,53,1
86,54,0
86,55,1
86,56,1
86,57,0
86,58,1
86,59,1
86,60,0
86,61,1
86,62,0
86,63,0
86,64,1
86,65,0
86,66,1
86,67,0
86,68,0
86,69,0
86,70,0
86,71,1
86,72,0
86,73,0
86,74,0
86,75,0
86,76,1
86,77,0
86,78,0
86,79,0
86,80,1
86,81,1
86,82,0
86,83,1
86,84,0
86,85,1
86,86,0
86,87,1
86,88,1
86,89,0
86,90,0
86,91,1
86,92,1
86,93,1
86,94,0
86,95,1
86,96,1
86,97,1
86,98,0
86,99,1
87,0,0
87,1,0
87,2,1
87,3,1
87,4,1
87,5,1
87,6,1
87,7,0
87,8,1
87,9,1
87,10,1
87,11,1
87,12,1
87,13,0
87,14,0
87,15,1
87,16,1
87,17,1
87,18,0
87,19,0
87,20,1
87,21,1
87,22,0
87,23,1
87,24,0
87,25,0
87,26,1
87,27,1
87,28,1
87,29,1
87,30,1
87,31,0
87,32,1
87,33,0
87,34,1
87,35,0
87,36,0
87,37,1
87,38,1
87,39,0
87,40,0
87,41,0
87,42,0
87,43,0
87,44,1
87,45,1
87,46,1
87,47,0
87,48,0
87,49,1
87,50,1
87,51,0
87,52,1
87,53,1
87,54,0
87,55,1
87,56,1
87,57,1
87,58,1
87,59,1
87,60,0
87,61,0
87,62,1
87,63,0
87,64,1
87,65,1
87,66,1
87,67,1
87,68,0
87,69,0
87,70,0
87,71,1
87,72,1
87,73,0
87,74,1
87,75,0
87,76,1
87,77,0
87,78,1
87,79,0
87,80,0
87,81,0
87,82,0
87,83,1
87,84,1
87,85,1
87,86,1
87,87,1
87,88,0
87,89,0
87,90,0
87,91,1
87,92,0
87,93,0
87,94,1
87,95,1
87,96,0
87,97,1
87,98,1
87,99,0
88,0,1
88,1,1
88,2,1
88,3,1
88,4,0
88,5,1
88,6,1
88,7,1
88,8,1
88,9,0
88,10,0
88,11,0
88,12,0
88,13,1
88,14,1
88,15,0
88,16,0
88,17,0
88,18,1
88,19,1
88,20,1
88,21,0
88,22,0
88,23,1
88,24,1
88,25,0
88,26,0
88,27,1
88,28,0
88,29,0
88,30,0
88,31,1
88,32,1
88,33,1
88,34,0
88,35,1
88,36,0
88,37,0
88,38,1
88,39,0
88,40,1
88,41,1
88,42,0
88,43,0
88,44,0
88,45,0
88,46,1
88,47,1
88,48,1
88,49,0
88,50,0
88,51,0
88,52,1
88,53,1
88,54,1
88,55,1
88,56,0
88,57,0
88,58,1
88,59,0
88,60,1
88,61,1
88,62,0
88,63,0
88,64,1
88,65,1
88,66,0
88,67,0
88,68,0
88,69,0
88,70,0
88,71,1
88,72,0
88,73,1
88,74,0
88,75,1
88,76,1
88,77,1
88,78,0
88,79,1
88,80,0
88,81,1
88,82,1
88,83,0
88,84,0
88,85,1
88,86,1
88,87,1
88,88,0
88,89,0
88,90,0
88,91,1
88,92,1
88,93,0
88,94,0
88,95,0
88,96,1
88,97,0
88,98,0
88,99,1
89,0,1
89,1,1
89,2,1
89,3,1
89,4,1
89,5,1
89,6,0
89,7,0
89,8,0
89,9,1
89,10,0
89,11,1
89,12,0
89,13,1
89,14,1
89,15,1
89,16,1
89,17,0
89,18,0
89,19,0
89,20,1
89,21,0
89,22,1
89,23,0
89,24,1
89,25,1
89,26,1
89,27,0
89,28,0
89,29,0
89,30,0
89,31,1
89,32,0
89,33,1
89,34,1
89,35,1
89,36,1
89,37,1
89,38,0
89,39,0
89,40,0
89,41,0
89,42,1
89,43,1
89,44,0
89,45,0
89,46,0
89,47,0
89,48,0
89,49,1
89,50,0
89,51,1
89,52,1
89,53,1
89,54,0
89,55,1
89,56,1
89,57,0
89,58,1
89,59,0
89,60,1
89,61,0
89,62,0
89,63,1
89,64,1
89,65,1
89,66,1
89,67,1
89,68,1
89,69,1
89,70,1
89,71,0
89,72,0
89,73,0
89,74,1
89,75,1
89,76,0
89,77,0
89,78,1
89,79,1
89,80,1
89,81,1
89,82,1
89,83,1
89,84,1
89,85,0
89,86,0
89,87,1
89,88,1
89,89,0
89,90,0
89,91,0
89,92,0
89,93,0
89,94,1
89,95,1
89,96,0
89,97,1
89,98,0
89,99,1
90,0,0
90,1,0
90,2,0
90,3,1
90,4,0
90,5,1
90,6,0
90,7,1
90,8,1
90,9,1
90,10,1
90,11,1
90,12,1
90,13,0
90,14,0
90,15,1
90,16,1
90,17,0
90,18,0
90,19,0
90,20,0
90,21,1
90,22,0
90,23,0
90,24,1
90,25,0
90,26,0
90,27,0
90,28,1
90,29,1
90,30,1
90,31,0
90,32,1
90,33,1
90,34,1
90,35,1
90,36,1
90,37,0
90,38,1
90,39,1
90,40,1
90,41,0
90,42,0
90,43,1
90,44,1
90,45,0
90,46,0
90,47,0
90,48,1
90,49,1
90,50,0
90,51,1
90,52,0
90,53,1
90,54,0
90,55,0
90,56,0
90,57,0
90,58,0
90,59,1
90,60,0
90,61,1
90,62,0
90,63,1
90,64,1
90,65,0
90,66,1
90,67,1
90,68,0
90,69,0
90,70,0
90,71,0
90,72,0
90,73,0
90,74,1
90,75,0
90,76,0
90,77,1
90,78,0
90,79,0
90,80,1
90,81,1
90,82,1
90,83,1
90,84,0
90,85,0
90,86,1
90,87,0
90,88,1
90,89,1
90,90,0
90,91,1
90,92,1
90,93,1
90,94,1
90,95,1
90,96,1
90,97,0
90,98,0
90,99,1
91,0,1
91,1,1
91,2,1
91,3,1
91,4,1
91,5,0
91,6,1
91,7,0
91,8,0
91,9,0
91,10,0
91,11,1
91,12,1
91,13,0
91,14,1
91,15,0
91,16,0
91,17,0
91,18,1
91,19,1
91,20,0
91,21,0
91,22,1
91,23,0
91,24,1
91,25,0
91,26,1
91,27,0
91,28,0
91,29,0
91,30,1
91,31,0
91,32,1
91,33,1
91,34,1
91,35,0
91,36,1
91,37,1
91,38,1
91,39,0
91,40,0
91,41,0
91,42,0
91,43,1
91,44,0
91,45,1
91,46,0
91,47,1
91,48,0
91,49,0
91,50,0
91,51,0
91,52,0
91,53,0
91,54,0
91,55,1
91,56,0
91,57,0
91,58,0
91,59,1
91,60,0
91,61,1
91,62,1
91,63,1
91,64,0
91,65,1
91,66,0
91,67,0
91,68,1
91,69,0
91,70,1
91,71,1
91,72,0
91,73,1
91,74,1
91,75,0
91,76,1
91,77,0
91,78,1
91,79,1
91,80,0
91,81,0
91,82,0
91,83,0
91,84,0
91,85,0
91,86,0
91,87,1
91,88,1
91,89,0
91,90,1
91,91,1
91,92,0
91,93,1
91,94,1
91,95,0
91,96,0
91,97,1
91,98,1
91,99,0
92,0,0
92,1,0
92,2,1
92,3,0
92,4,0
92,5,1
92,6,1
92,7,1
92,8,1
92,9,1
92,10,1
92,11,1
92,12,1
92,13,1
92,14,0
92,15,0
92,16,0
92,17,0
92,18,0
92,19,1
92,20,0
92,21,0
92,22,1
92,23,0
92,24,1
92,25,0
92,26,1
92,27,0
92,28,0
92,29,1
92,30,0
92,31,0
92,32,0
92,33,0
92,34,1
92,35,1
92,36,1
92,37,0
92,38,0
92,39,0
92,40,1
92,41,0
92,42,0
92,43,1
92,44,1
92,45,0
92,46,0
92,47,0
92,48,1
92,49,0
92,50,1
92,51,0
92,52,0
92,53,0
92,54,0
92,55,0
92,56,0
92,57,0
92,58,0
92,59,1
92,60,0
92,61,0
92,62,1
92,63,0
92,64,0
92,65,0
92,66,1
92,67,0
92,68,1
92,69,0
92,70,1
92,71,0
92,72,0
92,73,1
92,74,0
92,75,0
92,76,0
92,77,0
92,78,0
92,79,1
92,80,1
92,81,1
92,82,1
92,83,1
92,84,0
92,85,0
92,86,0
92,87,1
92,88,1
92,89,0
92,90,0
92,91,0
92,92,1
92,93,0
92,94,0
92,95,0
92,96,1
92,97,0
92,98,0
92,99,0
93,0,1
93,1,0
93,2,1
93,3,1
93,4,1
93,5,1
93,6,0
93,7,0
93,8,0
93,9,0
93,10,0
93,11,1
93,12,0
93,13,0
93,14,1
93,15,0
93,16,1
93,17,1
93,18,0
93,19,1
93,20,1
93,21,1
93,22,1
93,23,0
93,24,1
93,25,0
93,26,0
93,27,0
93,28,1
93,29,1
93,30,1
93,31,0
93,32,1
93,33,0
93,34,0
93,35,1
93,36,0
93,37,0
93,38,1
93,39,0
93,40,1
93,41,0
93,42,1
93,43,1
93,44,1
93,45,0
93,46,0
93,47,0
93,48,0
93,49,0
93,50,0
93,51,1
93,52,1
93,53,1
93,54,0
93,55,1
93,56,0
93,57,0
93,58,1
93,59,1
93,60,1
93,61,1
93,62,1
93,63,1
93,64,0
93,65,1
93,66,0
93,67,0
93,68,0
93,69,0
93,70,1
93,71,1
93,72,0
93,73,0
93,74,1
93,75,1
93,76,1
93,77,1
93,78,0
93,79,0
93,80,0
93,81,0
93,82,1
93,83,0
93,84,0
93,85,1
93,86,1
93,87,0
93,88,0
93,89,1
93,90,1
93,91,0
93,92,1
93,93,0
93,94,1
93,95,1
93,96,0
93,97,0
93,98,1
93,99,1
94,0,0
94,1,0
94,2,1
94,3,1
94,4,1
94,5,0
94,6,0
94,7,1
94,8,0
94,9,1
94,10,1
94,11,0
94,12,1
94,13,1
94,14,1
94,15,1
94,16,1
94,17,1
94,18,1
94,19,1
94,20,1
94,21,1
94,22,0
94,23,0
94,24,1
94,25,0
94,26,1
94,27,0
94,28,0
94,29,1
94,30,0
94,31,1
94,32,0
94,33,1
94,34,0
94,35,1
94,36,1
94,37,1
94,38,1
94,39,1
94,40,0
94,41,1
94,42,0
94,43,0
94,44,0
94,45,0
94,46,0
94,47,1
94,48,1
94,49,1
94,50,1
94,51,0
94,52,1
94,53,0
94,54,0
94,55,0
94,56,1
94,57,0
94,58,1
94,59,1
94,60,1
94,61,1
94,62,1
94,63,1
94,64,0
94,65,1
94,66,1
94,67,0
94,68,1
94,69,1
94,70,0
94,71,1
94,72,0
94,73,0
94,74,0
94,75,0
94,76,1
94,77,0
94,78,0
94,79,0
94,80,0
94,81,0
94,82,1
94,83,1
94,84,1
94,85,0
94,86,0
94,87,0
94,88,0
94,89,0
94,90,0
94,91,0
94,92,1
94,93,1
94,94,1
94,95,0
94,96,1
94,97,1
94,98,1
94,99,0
95,0,0
95,1,1
95,2,1
95,3,0
95,4,0
95,5,0
95,6,1
95,7,1
95,8,0
95,9,0
95,10,1
95,11,1
95,12,0
95,13,1
95,14,0
95,15,0
95,16,1
95,17,0
95,18,0
95,19,1
95,20,0
95,21,0
95,22,1
95,23,0
95,24,1
95,25,1
95,26,1
95,27,0
95,28,0
95,29,0
95,30,1
95,31,0
95,32,1
95,33,1
95,34,1
95,35,1
95,36,1
95,37,0
95,38,1
95,39,0
95,40,1
95,41,1
95,42,1
95,43,0
95,44,0
95,45,1
95,46,0
95,47,1
95,48,0
95,49,0
95,50,1
95,51,1
95,52,0
95,53,0
95,54,1
95,55,0
95,56,0
95,57,1
95,58,1
95,59,0
95,60,1
95,61,0
95,62,1
95,63,1
95,64,1
95,65,1
95,66,0
95,67,1
95,68,0
95,69,0
95,70,1
95,71,1
95,72,1
95,73,0
95,74,1
95,75,1
95,76,0
95,77,1
95,78,1
95,79,0
95,80,1
95,81,0
95,82,1
95,83,0
95,84,1
95,85,1
95,86,1
95,87,1
95,88,0
95,89,1
95,90,0
95,91,0
95,92,0
95,93,0
95,94,1
95,95,0
95,96,1
95,97,0
95,98,1
95,99,1
96,0,0
96,1,0
96,2,1
96,3,1
96,4,1
96,5,0
96,6,1
96,7,1
96,8,0
96,9,0
96,10,1
96,11,0
96,12,0
96,13,1
96,14,0
96,15,1
96,16,1
96,17,0
96,18,1
96,19,1
96,20,1
96,21,1
96,22,0
96,23,1
96,24,0
96,25,1
96,26,1
96,27,1
96,28,1
96,29,1
96,30,1
96,31,0
96,32,1
96,33,0
96,34,1
96,35,1
96,36,1
96,37,1
96,38,0
96,39,1
96,40,1
96,41,1
96,42,0
96,43,0
96,44,1
96,45,1
96,46,0
96,47,0
96,48,1
96,49,0
96,50,0
96,51,1
96,52,0
96,53,0
96,54,1
96,55,0
96,56,1
96,57,0
96,58,0
96,59,1
96,60,0
96,61,0
96,62,1
96,63,0
96,64,1
96,65,1
96,66,1
96,67,0
96,68,0
96,69,1
96,70,0
96,71,0
96,72,1
96,73,0
96,74,1
96,75,0
96,76,1
96,77,0
96,78,0
96,79,1
96,80,0
96,81,0
96,82,0
96,83,0
96,84,1
96,85,1
96,86,0
96,87,0
96,88,0
96,89,1
96,90,0
96,91,0
96,92,1
96,93,1
96,94,0
96,95,0
96,96,0
96,97,0
96,98,1
96,99,1
97,0,1
97,1,1
97,2,0
97,3,0
97,4,0
97,5,1
97,6,1
97,7,0
97,8,1
97,9,0
97,10,1
97,11,1
97,12,1
97,13,1
97,14,0
97,15,0
97,16,1
97,17,1
97,18,1
97,19,0
97,20,0
97,21,1
97,22,1
97,23,1
97,24,1
97,25,1
97,26,0
97,27,1
97,28,0
97,29,1
97,30,1
97,31,1
97,32,1
97,33,1
97,34,0
97,35,1
97,36,0
97,37,0
97,38,1
97,39,0
97,40,0
97,41,0
97,42,0
97,43,0
97,44,0
97,45,0
97,46,0
97,47,0
97,48,1
97,49,0
97,50,0
97,51,1
97,52,1
97,53,1
97,54,1
97,55,0
97,56,1
97,57,1
97,58,0
97,59,1
97,60,1
97,61,1
97,62,1
97,63,0
97,64,1
97,65,0
97,66,1
97,67,0
97,68,0
97,69,1
97,70,0
97,71,0
97,72,0
97,73,0
97,74,1
97,75,0
97,76,1
97,77,1
97,78,0
97,79,0
97,80,1
97,81,1
97,82,0
97,83,1
97,84,0
97,85,0
97,86,0
97,87,0
97,88,0
97,89,1
97,90,1
97,91,1
97,92,1
97,93,1
97,94,1
97,95,0
97,96,1
97,97,1
97,98,0
97,99,1
98,0,0
98,1,1
98,2,0
98,3,0
98,4,1
98,5,1
98,6,1
98,7,0
98,8,1
98,9,0
98,10,1
98,11,1
98,12,0
98,13,0
98,14,0
98,15,0
98,16,0
98,17,1
98,18,1
98,19,0
98,20,0
98,21,0
98,22,0
98,23,1
98,24,1
98,25,1
98,26,1
98,27,0
98,28,1
98,29,0
98,30,0
98,31,0
98,32,1
98,33,0
98,34,1
98,35,1
98,36,1
98,37,0
98,38,0
98,39,1
98,40,1
98,41,0
98,42,0
98,43,1
98,44,0
98,45,1
98,46,0
98,47,0
98,48,0
98,49,1
98,50,1
98,51,0
98,52,0
98,53,1
98,54,0
98,55,1
98,56,1
98,57,1
98,58,0
98,59,1
98,60,0
98,61,1
98,62,1
98,63,1
98,64,1
98,65,0
98,66,1
98,67,1
98,68,1
98,69,1
98,70,0
98,71,0
98,72,1
98,73,1
98,74,0
98,75,0
98,76,0
98,77,0
98,78,0
98,79,0
98,80,1
98,81,0
98,82,1
98,83,1
98,84,0
98,85,1
98,86,1
98,87,0
98,88,1
98,89,0
98,90,1
98,91,1
98,92,1
98,93,1
98,94,1
98,95,1
98,96,1
98,97,0
98,98,0
98,99,1
99,0,0
99,1,1
99,2,0
99,3,0
99,4,0
99,5,0
99,6,0
99,7,0
99,8,1
99,9,1
99,10,1
99,11,0
99,12,1
99,13,0
99,14,0
99,15,0
99,16,0
99,17,0
99,18,0
99,19,1
99,20,1
99,21,0
99,22,0
99,23,0
99,24,1
99,25,0
99,26,1
99,27,1
99,28,0
99,29,0
99,30,0
99,31,1
99,32,1
99,33,0
99,34,1
99,35,0
99,36,0
99,37,1
99,38,1
99,39,1
99,40,0
99,41,0
99,42,0
99,43,1
99,44,1
99,45,1
99,46,1
99,47,1
99,48,0
99,49,0
99,50,1
99,51,1
99,52,0
99,53,1
99,54,1
99,55,1
99,56,0
99,57,1
99,58,0
99,59,0
99,60,1
99,61,0
99,62,1
99,63,1
99,64,1
99,65,0
99,66,0
99,67,1
99,68,0
99,69,1
99,70,1
99,71,0
99,72,0
99,73,0
99,74,0
99,75,0
99,76,1
99,77,1
99,78,1
99,79,1
99,80,0
99,81,0
99,82,1
99,83,0
99,84,0
99,85,0
99,86,0
99,87,0
99,88,0
99,89,1
99,90,1
99,91,0
99,92,0
99,93,1
99,94,0
99,95,1
99,96,1
99,97,0
99,98,1
99,99,1
